"","Country.Name","Property.Rights","Change.in.Property.Rights.from.2015","Freedom.from.Corruption","Change.in.Freedom.from.Corruption.from.2015","Fiscal.Freedom","Change.in.Fiscal.Freedom.from.2015","Gov.t.Spending","Change.in.Gov.t.Spending.from.2015","Business.Freedom","Change.in.Business.Freedom.from.2015","Labor.Freedom","Change.in.Labor.Freedom.from.2015","Monetary.Freedom","Change.in.Monetary.Freedom.from.2015","Trade.Freedom","Change.in.Trade.Freedom.from.2015","Investment.Freedom","Change.in.Investment.Freedom.from.2015","Financial.Freedom","Change.in.Financial.Freedom.from.2015","Tariff.Rate....","Income.Tax.Rate....","Corporate.Tax.Rate....","Tax.Burden...of.GDP","Gov.t.Expenditure...of.GDP","Population..Millions.","GDP..Billions..PPP.","GDP.Growth.Rate....","X5.Year.GDP.Growth.Rate....","GDP.per.Capita..PPP.","Inflation....","FDI.Inflow..Millions.","Public.Debt....of.GDP.","HUMAN.FREEDOM..Rank.","HUMAN.FREEDOM..Quartile.","Procedural.Justice","Homicide","Homicide.DATA","Disappearances","Violent.Conflicts","Violent.Conflicts.DATA","Organised.Conflicts","Terrorism.Fatalities","Terrorism.Fatalities.DATA","Terrorism.Injuries","Terrorism.Injuries.DATA","Disapperances","Conflicts","and.Terrorism","Female.Genital.Mutilation","Missing.Women","Inheritance.Rights..Widows","Inheritance.Rights..Daughters","Inheritance.Rights","Women.s.Security...Safety","Security...Safety","Domestic.Movement","Foreign.Movement","Women.s.Movement","Movement","Establishing.Religious.Organizations","Operating.Religious.Organizations","Establishing.and.Operating.Religious.Organizations","Harassment.and.Physical.Hostilities","Legal.and.Regulatory.Restrictions","Religion","Association","Assembly","Establishing.Political.Parties","Operating.Political.Parties","Establishing.and.Operating.Political.Parties","Establishing.Professional.Organization","Operating.Professional.Organization","Establishing.and.Operating.Professional.Organization","Establishing.Educational","Sporting.and.Cultural.Organizations","Operating.Educational","Sporting.and.Cultural.Organizations.1","Establishing.and.Operating.Educational","Sporting.and.Cultural.Organizations.2","Top.marginal.income.and.payroll.tax.rate","Top.marginal.income.and.payroll.tax.rate.DATA","Top.marginal.tax.rate","Size.of.Government","Judicial.independence","Impartial.courts","Protection.of.property.rights","Military.interference.in.rule.of.law.and.politics","Integrity.of.the.legal.system","Legal.enforcement.of.contracts","Regulatory.restrictions.on.the.sale.of.real.property","Reliability.of.police","Business.costs.of.crime","Gender.Adjustment","Legal.System...Property.Rights","Money.growth","Money.growth.DATA","Standard.deviation.of.inflation","Standard.deviation.of.inflation.DATA","Inflation..Most.recent.year","Inflation..Most.recent.year.DATA","Freedom.to.own.foreign.currency.bank.accounts","Sound.Money","Revenue.from.trade.taxes....of.trade.sector.","Revenue.from.trade.taxes....of.trade.sector..DATA","Mean.tariff.rate","Mean.tariff.rate.DATA","Standard.deviation.of.tariff.rates","Standard.deviation.of.tariff.rates.DATA","Tariffs","Non.tariff.trade.barriers","Compliance.costs.of.importing.and.exporting","Regulatory.trade.barriers","Black.market.exchange.rates","Foreign.ownership.investment.restrictions","Capital.controls","Freedom.of.foreigners.to.visit","Controls.of.the.movement.of.capital.and.people","Freedom.to.trade.internationally","Ownership.of.banks","Private.sector.credit","Interest.rate.controls.negative.real.interest.rates.","Credit.market.regulations","Hiring.regulations.and.minimum.wage","Hiring.and.firing.regulations","Centralized.collective.bargaining","Hours.Regulations","Mandated.cost.of.worker.dismissal","Conscription","Labor.market.regulations","Administrative.requirements","Bureaucracy.costs","Starting.a..business","Extra.payments.bribes.favoritism","Licensing.restrictions","Tax.compliance","Business.regulations","Regulation","ECONOMIC.FREEDOM..Score.","ECONOMIC.FREEDOM..Rank.","Unemployment"
"1","Albania",35,5,33,2,87.8,0.6,75,-1.1,67.6,-3,51.5,-1.4,81.7,0.9,87.6,-0.2,70,0,70,0,1.2,23,15,21.7,28.9,2.8,31.6,2.1,2.3,11377,1.6,1093.5,72.6,57,48,2,5,4,7,5,3,8,9,2,7,10,0,10,0,0,0,10,0,10,0,0,0,10,0,0,0,10,0,10,0,7,5,5,0,5,0,5,0,7,5,8,8,5,0,10,0,10,0,0,0,10,0,0,0,5,0,5,3,10,0,10,0,10,0,8,6,0,0,10,0,10,0,10,0,10,0,10,0,10,0,5,0,6,3,7,60,57,8,23,12,1,7,5,9,6,8,0,15,9,9,0,23,0,7,0,16.1
"2","Algeria",25,-5,36,0,81,1,59.4,20.7,62.1,-4.5,48.2,-2.3,68.1,-3.1,60.8,0,30,5,30,0,12.1,35,23,12.2,38,38.7,551.8,4.1,3.3,14259,2.9,1488,8.8,14,155,4,3,8,9,5,1,4,10,0,9,3,2,1,5,0,9,9,0,2,10,0,0,0,8,8,10,0,7,5,0,0,0,0,0,0,5,8,8,0,5,0,5,0,5,0,0,0,10,0,0,0,2,7,4,0,10,0,7,5,7,5,7,4,15.6468976027896,0,0,5,0,2,5,0,0,0,0,0,0,0,0,0,8,5,28,147,2,15,32,69,7,8,8,5,0,0,39.78132112503,7,0,35,0,2,0,53,0,4,5,3,9.5
"3","Angola",15,0,19,-4,87.8,3.3,50.1,0,50.3,2.9,44.8,1.6,72.2,6.8,70.2,0,40,0,40,0,4.9,17,30,6,40.8,24.4,175.6,4.2,4.7,7203,7.3,-3881,38,64,142,4,3,5,8,1,4,8,5,0,10,0,0,0,7,5,10,0,0,0,10,0,0,0,8,5,10,0,10,0,5,0,5,0,5,0,8,3,8,3,0,0,5,0,10,0,0,0,10,0,0,0,2,7,2,5,7,5,5,0,7,5,6,5,10,0,10,0,10,0,10,0,0,0,0,0,0,0,10,0,7,5,6,11,117,7,60,14,16,8,9,4,6,0,0,54,2,10,0,17,0,9,0,25,0,9,6.8
"4","Argentina",15,0,34,0,66.1,-0.7,51.3,10.1,56,3.2,43.9,0.6,44,-15.6,67.4,-1.4,30,0,30,0,6.3,35,35,30.6,40.3,42,947.6,0.5,4.4,22582,37.6,6612,48.6,47,107,3,8,4,3,5,7,7,6,5,9,10,0,10,0,0,0,7,5,10,0,0,0,10,0,0,0,9,5,10,0,10,0,10,0,10,0,10,0,10,0,9,0,10,0,10,5,10,0,0,0,10,0,0,0,5,7,5,5,10,0,10,0,10,0,8,7,10,0,10,0,10,0,10,0,10,0,10,0,10,0,10,0,10,0,8,10,42,5,34,21,86,6,0,15,0,6,0,23.1865695820823,7,0,35,0,1,0,58,8.2
"5","Armenia",20,0,37,1,83.8,-0.6,80.7,-2.1,77.5,-5.2,62.2,-2.1,72.8,2.2,85.6,0.2,80,5,70,0,2.2,26,20,23.4,25.4,3.3,24.3,3.4,4.2,7374,3.1,382.8,44.2,24,57,2,5,0,8,8,3,0,10,0,10,0,0,0,7,5,9,3,2,1,9,9,0,3,9,3,10,0,5,0,10,0,10,0,10,0,8,3,8,8,5,0,5,0,10,0,0,0,10,0,0,0,3,3,4,3,7,5,7,5,7,5,7,2,7,0,10,0,10,0,10,0,10,0,10,0,10,0,5,0,8,0,6,91,84,7,26,15,30,7,7,8,8,8,0,15,7,5,0,36,0,5,0,36,0,5,17.1
"6","Australia",90,0,80,-1,63.2,-0.5,62,0.2,89.4,-4.7,77.2,-4.4,85.2,-0.1,86.4,0,80,0,90,0,1.8,45,30,27.5,35.6,23.6,1095.4,2.7,2.7,46433,2.5,51854.2,34.3,58,4,1,5,7,4,7,8,9,6,0,9,10,0,10,0,0,0,10,0,10,0,0,0,10,0,0,0,10,0,10,0,10,0,10,0,10,0,10,0,10,0,9,9,10,0,10,0,10,0,0,0,10,0,0,0,8,0,7,8,10,0,10,0,10,0,9,4,7,0,10,0,10,0,10,0,10,0,10,0,10,0,10,0,9,3,9,18,11,4,51,24,66,6,7,12,7,10,0,14,4,5,0,47,0,5,0,6
"7","Austria",90,0,72,3,50.7,0.6,22.4,2.6,79.4,1.4,72.5,-4.2,81.7,1.4,88,0,90,0,70,0,1,50,25,42.5,50.9,8.5,395.5,0.3,1.3,46420,1.5,4674.9,86.8,41,16,1,9,7,7,8,2,9,7,0,7,10,0,10,0,0,0,10,0,10,0,0,0,10,0,0,0,10,0,10,0,10,0,10,0,10,0,10,0,10,0,9,9,10,0,10,0,10,0,0,0,10,0,0,0,7,3,8,0,10,0,10,0,10,0,9,3,10,0,10,0,10,0,10,0,10,0,10,0,10,0,10,0,10,0,9,25,8,3,7,27,3,3,1,25,8,10,0,13,0,4,0,55,0,3,0,5
"8","Azerbaijan",20,0,29,1,88,-0.1,56.7,-3,70.3,-4.2,75.2,-3.9,77,-2.8,75.8,-0.2,60,5,50,0,4.6,25,20,13.3,38,9.4,165.3,2.8,3.2,17618,1.4,4430.4,16.4,8,130,4,4,3,9,1,2,1,10,0,5,2,14,4,7,5,10,0,0,1,10,0,0,1,8,5,10,0,7,5,5,0,10,0,7,5,8,3,8,7,5,0,5,0,5,0,0,0,4,9,5,0,0,3,0,3,10,0,0,0,7,5,4,7,0,0,10,0,10,0,10,0,10,0,10,0,10,0,5,0,6,3,5,68,131,6,3,18,5,7,9,8,3,0,0,77,1,9,0,25,0,4,0,41,0,6,5.2
"9","Bahamas",70,0,71,0,97.9,0.1,84.3,1.1,70.7,1.8,72.8,-2.5,78.5,-0.3,64,11.8,40,10,60,0,13,0,0,14.4,22.8,0.4,9,1.3,1.1,25049,1.2,1595.9,60.4,40,50,2,0,6,3,6,4,0,0,28,4,10,0,10,0,0,0,-21.7312270183957,10,0,0,0,10,0,0,0,10,0,29.8929494956559,-25.1031956075779,-7.67747791237414,5.78956149040115,-9.4190873554794,-1.58304886147555,5,0,10,0,10,0,-0.408929885244696,10,0,14.0811963576083,15.3968794904898,16.3962742897037,-23.0858238137373,8,9,-3.20922944267946,10,0,10,0,10,0,10,0,10,0,10,0,11.8385200308986,10,0,7,45,64,7,1,15,9,9,0,4,0,7,0,9.327432919771,10,0,0,0,10,0,9,0,10,0,8,3,15.2214583238704,6,7,-49.0582797810521,10,0,6,7,4,7,6,1,33.246961638374,4.76161210147141,0,15.4
"10","Bahrain",60,0,49,1,99.9,0,75.4,2.3,71.9,-0.6,79.1,-4,74.6,0.4,82.6,4,70,5,80,0,3.7,0,0,3.1,28.6,1.2,61.9,4.7,4,51714,2.5,957.4,43.8,85,75,2,5,9,9,8,0,5,10,0,10,0,0,0,2,5,9,8,0,7,9,7,1,4,8,4,10,0,7,5,0,0,0,0,0,0,5,8,8,0,10,0,5,0,5,0,0,0,0,0,7,0,0,7,0,8,7,5,7,5,2,5,4,1,13.4265117928507,0,0,0,0,0,0,10,0,10,0,10,0,0,0,3,3,6,14,114,3,7,27,5,9,6,2,0,10,0,14,1,10,0,0,0,10,0,17,0,10,0,4.1
"11","Bangladesh",20,0,25,-2,72.7,0,93.6,1.6,52.6,-9.6,62.5,-1.2,68.2,0.5,63.6,4.6,45,0,30,0,10.7,25,45,9,14.6,158.2,533.7,6.1,6.2,3373,7,1526.7,33.9,80,138,4,7,3,4,3,1,9,0,2,5,5,0,9,9,0,3,5,0,9,8,0,5,9,9,0,6,7,9,10,0,7,5,0,0,0,0,0,0,5,8,7,6,5,0,5,0,10,0,0,0,9,9,2,0,3,7,3,3,7,5,7,5,7,5,7,0,0,0,0,0,0,0,0,0,0,0,10,0,5,0,0,0,1,3,5,30,146,9,5,7,9,9,7,1,5,7,0,22,5,8,0,30,0,8,0,4.3
"12","Barbados",80,0,74,-1,75.8,2,37.6,-4.5,70.2,-1.4,67.3,-1.9,80.8,2.6,62.2,-1.6,75,10,60,0,13.9,35,25,23.9,45.6,0.3,4.5,-0.3,0.1,16183,1.9,275.1,100.4,7,67,2,5,5,9,6,7,5,6,10,9,10,0,10,0,0,0,-9.56539272374332,10,0,0,0,10,0,0,0,10,0,30.9753609189394,-26.1183166579146,-22.2945284068904,4.37733604947399,-8.50979821952651,-4.20181346887834,7,8,10,0,10,0,-0.160261590958923,10,0,13.1623413808985,14.1308756121175,6.40449290754879,-36.7829586934286,9,1,5.33867344966133,10,0,10,0,10,0,0,0,0,0,0,0,6.92556460733769,5,0,7,71,54,7,6,14,3,6,0,15,3,6,0,29,0,6,0,37,0,6,0,37,0,6,0,6,4,6,4,4,1,6,5,9,8,8.77295184037799,3,8,6,2,7,12
"13","Belarus",20,0,31,2,88.6,2.2,44.8,-9.9,69,-3,74.9,-5.2,50.4,5.9,79,-2,20,0,10,0,3,13,18,25.4,42.9,9.5,172,1.6,3.5,18161,18.1,1798.2,37.9,14,128,4,9,5,0,5,1,8,6,3,6,10,0,10,0,0,0,5,0,10,0,0,0,10,0,0,0,9,0,10,0,10,0,10,0,10,0,10,0,10,0,9,2,0,0,0,5,10,0,0,0,10,0,0,0,0,7,2,5,7,5,5,0,5,0,5,8,7,0,10,0,10,0,10,0,10,0,10,0,10,0,5,0,8,0,6,6,120,5,1,22,7,4,5,20,8,10,0,12,2,10,0,13,0,5,0,5.9
"14","Belgium",80,0,76,1,44.2,0.6,11,0.8,85.4,-5.3,60.5,-3.2,84,2.3,88,0,85,0,70,0,1,50,33,44.6,54.5,11.2,481.5,1,1.1,42973,0.5,-4956.7,105.6,15,27,1,3,7,2,7,8,9,2,1,9,10,0,10,0,0,0,10,0,8,9,3,2,5,1,24,3,8,8,10,0,10,0,10,0,10,0,10,0,10,0,9,3,10,0,10,0,10,0,0,0,10,0,0,0,9,0,9,3,10,0,10,0,10,0,9,8,7,0,10,0,10,0,10,0,10,0,10,0,10,0,10,0,9,3,8,99,19,2,5,31,5,2,0,29,8,10,0,9,5,2,0,50,0,0,67,8.5
"15","Belize",35,5,6.7,0,82.1,-0.3,71.9,-6.4,63.3,4.2,60.3,-1.5,79.2,-0.1,70,-0.4,55,5,50,0,10,25,25,23.2,30.6,0.4,2.9,3.4,2.7,8248,0.9,141.1,76.3,15,64,2,7,3,3,4,3,0,0,37,6,10,0,10,0,0,0,-34.1045884454982,10,0,0,0,10,0,0,0,10,0,10.8840245175435,-26.6672202796249,10,0,10,0,10,0,10,0,6,7,10,0,10,0,-9.21549639084417,10,6,8,44.0339161344155,0.521130280794187,10.463156958394,8,5,55.7296237793262,10,0,10,0,10,0,10,0,10,0,10,0,68.2027630523243,10,0,7,43,66,6,6,17,4,8,4,6,3,4,0,37,4,9,0,25,0,-6.2223990341233,-24.8455630786935,9,0,7,0,8,0,4,2,7,4,6,4,9.42627505286854,3,3,7,11.5
"16","Benin",30,0,39,3,68.1,-0.2,84.9,-1.8,51.3,-3.9,53.8,0.6,82.2,2.3,58.8,0.4,75,5,50,0,15.6,45,30,16.3,22.4,10.6,19.8,5.5,4.5,1870,-1,377.4,30.9,74,90,3,4,1,7,5,6,2,10,0,10,0,0,0,7,5,10,0,0,0,10,0,0,0,9,5,8,7,7,5,5,0,5,0,5,0,7,1,8,0,5,0,10,0,5,0,0,0,10,0,0,0,5,7,7,3,10,0,10,0,10,0,9,0,13.8549216584633,10,0,10,0,10,0,10,0,10,0,10,0,10,0,10,0,7,50,61,7,5,14,6,9,8,1,3,4,0,31,8,4,0,45,0,3,0,46,0,3,5,1
"17","Bhutan",60,0,65,2,83.1,0.5,67.5,7.4,65.2,3.3,77.6,-3.5,66.9,0.9,60,10.6,20,0,30,0,10,25,30,13,32.9,0.8,5.9,6.4,7.4,7641,7.7,5.8,107.5,81,83,3,5,9,9,5,1,1,10,0,10,0,0,0,7,5,10,0,0,0,10,0,0,0,9,5,10,0,7,5,5,0,5,0,5,0,7,5,8,8,5,0,0,0,10,0,0,5,0,-7.10569498184013,16.9068459571346,2.3246184182244,7,3,0,0,-2.02970332398778,10,0,10,0,0,0,0,0,0,0,5,0,3,8,6,60,96,4,4,24,9,9,9,0,9,7,0,22,4,9,0,25,0,8,0,26,0,8,5,7,5,6,2,5,3,6,7,9,2,2.8
"18","Bolivia",10,0,35,1,86.4,-0.4,55.5,-5.4,58.8,5.1,31.7,6.2,65,-4.7,76.6,-1,15,5,40,0,4.2,13,25,23.8,38.5,11.2,70,5.4,5.3,6221,5.8,647.8,32.4,72,92,3,4,2,1,3,1,7,5,6,3,10,0,10,0,0,0,7,5,10,0,0,0,10,0,0,0,9,5,10,0,10,0,5,0,5,0,5,0,8,3,8,4,10,0,10,5,10,0,0,0,10,0,0,0,4,7,4,3,10,0,10,0,10,0,8,4,10,0,10,0,10,0,10,0,10,0,10,0,10,0,10,0,10,0,7,21,73,5,8,20,2,8,8,4,8,0,0,62,6,10,0,13,0,10,0,2.7
"19","Bosnia and Herzegovina",20,0,39,-3,83.9,1,33.1,5.8,54.6,1.1,59.4,-4,84.3,0.3,87,-0.2,65,-5,60,0,1.5,10,10,37.6,47.2,3.9,38.1,0.8,0.8,9833,-0.9,564,44.9,23,59,2,0,5,1,5,5,9,5,1,3,10,0,10,0,0,0,5,0,10,0,0,0,10,0,0,0,9,0,10,0,10,0,5,0,5,0,5,0,8,3,8,9,5,0,5,5,10,0,0,0,10,0,0,0,6,3,4,3,10,0,10,0,10,0,8,7,7,0,10,0,10,0,10,0,10,0,10,0,10,0,10,0,9,3,7,86,47,5,6,21,0,5,4,17,6,4,0,32,7,10,0,10,0,3,0,27.9
"20","Botswana",70,0,63,-1,79.1,-0.4,68.4,6.5,66.4,-0.4,68.5,-1.5,76.3,2.4,84,11.8,65,-5,70,0,0.5,25,22,31.3,32.4,2.1,33.7,4.9,6,16036,3.9,393.2,14.5,15,64,2,1,5,5,5,6,4,0,15,0,10,0,10,0,0,0,10,0,10,0,0,0,10,0,0,0,10,0,10,0,7,5,5,0,5,0,5,0,7,5,7,2,10,0,10,0,0,6,0,5,3,-16.0002231514843,25.0370009164234,-5.51538649510589,7,8,7,0,5,0,5,0,5,0,0,0,0,0,0,0,5,0,4,3,6,88,86,3,6,27,6,7,2,10,9,7,0,22,2,9,0,25,0,9,0,25,0,9,0,6,7,5,3,5,4,18.2
"21","Brazil",45,-5,43,1,69.7,1.3,55.2,4.3,61.4,7.8,52.5,0.4,64.2,-5.2,69.4,-0.2,55,5,50,-10,7.8,27.5,34,33.4,38.6,202.8,3263.8,0.1,3.2,16096,6.3,62494.8,65.2,21,123,4,3,3,7,4,7,0,0,29,5,10,0,10,0,0,0,10,0,10,0,0,0,10,0,0,0,10,0,10,0,10,0,5,0,5,0,5,0,8,3,6,1,10,0,10,5,8,6,3,0,10,0,0,0,5,3,4,5,10,0,10,0,10,0,8,3,0,0,10,0,10,0,10,0,10,0,10,0,10,0,10,0,7,5,6,67,94,4,7,24,0,5,8,16,0,4,0,30,5,8,0,28,0,4,0,6.8
"22","Brunei Darussalam",30,-5,60,0,87,0,57.3,-6.3,71.3,3,90.2,0.2,76.8,0.2,85.2,3.4,65,-5,50,0,2.4,0,20,30,37.7,0.4,30.2,-0.7,0.9,73233,-0.2,567.9,2.6,80,138,4,6,2,9,8,0,5,10,0,10,0,0,0,12.7099726152352,10,0,0,0,10,0,0,0,10,0,-12.0889785610872,14.8810065042671,0,0,0,0,0,0,0,0,6,6,10,0,5,0,11.0826746487793,7,5,23.2606797738089,-10.929165427108,0,7,3,8,2,5,2,5,2,5,4,6,0,0,0,0,0,0,0,0,0,0,10,0,5,0,8.46497977490906,1,7,4,66,153,0,0,55,4,-10.2085466563739,-49.2414746607837,43.677605063293,94.9320700704334,10,0,0,0,10,0,7,0,10,0,5,0,5,2,3,5,5,7,8,3,3.8
"23","Bulgaria",30,0,43,2,91.1,0.1,60.4,-4.1,66.9,-1.6,71.6,-5,82.6,-0.6,88,0,65,0,60,0,1,10,10,26.3,36.3,7.2,128.6,1.7,1.2,17860,-1.6,1710.3,26.9,78,41,1,6,4,1,4,9,9,5,1,1,10,0,10,0,0,0,10,0,10,0,0,0,10,0,0,1,10,0,10,0,10,0,10,0,10,0,10,0,10,0,9,8,10,0,10,5,10,0,0,0,10,0,0,0,6,0,5,8,10,0,10,0,10,0,8,8,7,0,10,0,10,0,10,0,10,0,10,0,10,0,10,0,9,3,8,16,41,5,7,20,5,5,8,15,7,8,0,15,4,10,0,10,0,7,0,11.6
"24","Burkina Faso",30,5,38,0,82.8,0.4,76.8,-3,46.3,-3.3,58.9,1.1,84.9,4.9,68.2,0,65,0,40,0,8.4,27.5,27.5,14.5,27.8,17.4,29.3,4,6.4,1682,-0.3,341.9,28.3,75,88,3,9,4,5,4,9,9,9,0,4,10,0,10,0,0,0,7,5,9,3,2,1,9,8,1,0,9,3,2,4,10,0,5,0,5,0,5,0,5,8,8,3,10,0,10,5,10,0,0,0,10,0,0,0,4,7,7,0,7,5,7,5,7,5,7,7,-22.1901684097935,10,0,10,0,10,0,10,0,10,0,10,0,10,0,10,0,7,46,63,3,1,29,4,10,0,0,2,2,0,47,1,9,0,25,0,4,0,42,3.1
"25","Burundi",20,0,20,-1,73.8,0.3,70.5,9.2,54.2,-7.2,67.6,-0.5,73.8,4,74.2,2,55,-5,30,0,5.4,35,35,13.1,31.4,9.2,8.4,4.7,4.5,911,4.4,32,30.5,17,154,4,3,0,7,6,6,0,5,0,10,0,0,0,2,5,7,7,7,0,6,0,20,2,6,2,10,0,7,5,5,0,0,0,2,5,6,7,6,8,0,0,0,0,5,0,0,0,10,0,0,0,1,7,0,8,0,0,0,0,0,0,3,2,23.287462042771,5,0,10,0,7,5,0,0,0,0,0,0,10,0,5,8,4,41,156,6,0,19,7,10,0,0,5,2,0,47,2,8,0,30,0,5,0,38,0,6,5,6.9
"26","Cambodia",25,0,21,1,90.5,0,87.4,-0.1,32.3,3.1,62.5,0.3,78.1,-0.6,72.2,0,60,0,50,0,8.9,20,20,12.4,20.5,15.3,50,7,6.9,3263,3.9,1730.4,29.5,20,61,2,0,2,7,2,6,9,3,1,8,10,0,10,0,0,0,7,5,10,0,0,0,10,0,0,0,9,5,10,0,10,0,10,0,10,0,10,0,10,0,9,6,10,0,10,5,10,0,0,0,10,0,0,0,2,0,3,3,10,0,10,0,10,0,7,9,-9.40950187187357,10,0,10,0,10,0,10,0,10,0,10,0,5,0,8,3,7,24,72,9,9,6,4,9,7,1,6,2,0,47,6,10,0,20,0,10,0,20,0.4
"27","Cameroon",25,0,27,2,75.6,3.9,85.6,-2.2,46.9,5.3,48.9,1.1,81.2,5.6,61.6,2,40,5,50,0,11.7,35,33,11.3,21.9,22.5,67.2,5.1,4.5,2981,1.9,501.2,23.9,58,144,4,7,2,8,3,0,8,3,4,2,0,0,6,9,9,4,2,5,6,5,10,5,7,2,13,8,4,6,9,9,7,5,5,0,5,0,5,0,7,5,6,8,0,0,5,5,10,0,0,0,9,6,1,0,2,7,4,3,7,5,7,5,7,5,7,0,-5.7112798113635,10,0,10,0,10,0,0,0,0,0,0,0,5,0,5,0,5,33,142,7,4,14,9,9,6,2,1,7,0,20,5,5,0,39,0,4,0,45,4.3
"28","Canada",90,0,81,0,80,0.1,50.4,2.1,81.8,-7.2,72.6,-3.5,76.9,-1,87,-1.4,80,0,80,0,1.5,29,15,30.6,40.7,35.5,1591.6,2.5,2.6,44843,1.9,53864,86.5,57,5,1,2,7,4,7,7,9,3,1,7,10,0,10,0,0,0,10,0,10,0,0,0,9,8,0,9,10,0,10,0,10,0,10,0,10,0,10,0,10,0,9,8,10,0,10,0,10,0,0,0,10,0,0,0,8,3,8,3,10,0,10,0,10,0,9,5,7,0,10,0,10,0,10,0,10,0,10,0,10,0,10,0,9,3,9,15,12,3,9,26,7,7,2,10,9,8,0,16,7,5,0,39,5,0,39,6.9
"29","Chad",20,0,22,3,46,-0.2,84.3,0.7,30.9,3.8,48.9,1.2,71.4,-4.2,49.8,-5.4,50,5,40,0,15.1,60,45,6.6,22.9,11.3,29.5,6.9,7,2617,1.7,760.5,25,47,147,4,2,9,6,4,9,0,5,0,10,0,0,0,2,5,9,5,1,5,9,1,4,7,7,2,5,6,10,0,0,0,0,0,0,0,5,2,6,3,10,0,10,0,5,0,0,0,10,0,0,0,2,7,2,5,10,0,7,5,10,0,7,5,16.8035857697965,0,0,0,0,0,0,0,0,0,0,0,0,5,0,1,7,5,51,136,10,0,5,3,9,9,0,8,10,0,13,4,1,0,60,0,1,0,60,0,1,0,7
"30","Chile",85,-5,73,2,74.8,-1.7,83.1,-0.2,72.1,2.8,64.3,-2.7,82.9,-2.7,86.4,4.4,85,-5,70,0,1.8,40,22.5,20.2,23.7,17.8,409.3,1.8,4.6,22971,4.4,22949.2,13.9,1,32,1,3,5,6,6,5,8,6,3,5,10,0,10,0,0,0,10,0,10,0,0,0,10,0,0,2,10,0,10,0,10,0,5,0,5,0,5,0,8,3,9,0,10,0,10,0,10,0,0,0,10,0,0,0,7,3,6,8,10,0,10,0,10,0,9,2,0,0,0,0,0,0,0,0,10,0,10,0,10,0,10,0,5,0,8,22,39,6,6,17,5,7,9,8,2,10,0,10,4,7,0,40,0,7,0,6.4
"31","China",20,0,36,-4,69.7,0,74.3,-7.2,54.2,2.1,62,-1,70.6,-3.6,72.8,1,30,5,30,0,3.6,45,25,19.4,29.3,1367.8,17617.3,7.4,8.5,12880,2,128500,41.1,91,135,4,4,4,8,4,7,9,8,0,6,0,0,10,0,0,0,5,0,10,0,0,0,10,0,0,0,7,0,10,0,2,5,5,0,5,0,5,0,5,8,7,5,0,0,0,5,10,0,0,0,9,7,38,0,0,0,1,5,7,5,2,5,5,0,5,2,7,0,10,0,10,0,10,0,10,0,10,0,10,0,10,0,9,3,5,35,141,3,9,26,9,8,3,6,8,2,0,46,1,6,0,45,0,6,0,4.7
"32","Colombia",50,0,37,1,80.1,-0.2,74.4,-1.6,78.2,-3.3,77.6,-4.1,79.6,-0.5,81,-0.2,80,0,70,0,4.5,33,25,16.5,29.2,47.7,640.1,4.6,4.8,13430,2.9,16053.8,38,76,87,3,9,3,4,4,4,0,0,25,5,0,0,9,8,0,6,2,5,9,7,0,8,9,8,1,2,6,4,10,0,10,0,10,0,10,0,10,0,10,0,5,5,10,0,10,0,10,0,0,0,10,0,0,0,5,7,3,5,10,0,10,0,10,0,8,5,10,0,10,0,10,0,10,0,10,0,10,0,10,0,10,0,10,0,7,2,79,5,1,22,7,7,8,8,4,10,0,14,8,7,0,33,0,2,0,10.1
"33","Costa Rica",50,0,54,1,79.4,-0.6,88.7,-1.2,68.6,4.1,53.8,-0.8,77.6,1.8,81.6,-2.2,70,0,50,0,4.2,25,30,23.2,19.4,4.8,71,3.5,4.3,14864,3.2,2105.9,39.8,86,37,1,3,5,6,6,6,5,2,11,9,10,0,10,0,0,0,10,0,10,0,0,0,10,0,0,0,10,0,10,0,10,0,10,0,10,0,10,0,10,0,8,4,10,0,10,5,10,0,0,0,10,0,0,0,8,7,8,5,10,0,10,0,10,0,9,6,0,0,5,0,10,0,7,5,10,0,10,0,10,0,10,0,6,9,8,17,40,5,4,21,5,8,5,6,0,10,0,-5.96752913135467,9,0,25,0,4,0,44,8.3
"34","Croatia",35,-5,48,0,70.8,-4.1,33.7,-12.8,60.3,4.5,42.4,-0.4,78.7,-1.3,87.4,0.2,75,-5,60,0,1.3,40,20,30.4,47,4.2,88.5,-0.4,-1.1,20889,-0.2,3451.2,80.9,71,44,2,7,5,1,5,7,9,6,1,0,10,0,10,0,0,0,10,0,10,0,0,0,10,0,0,0,10,0,10,0,10,0,10,0,10,0,10,0,10,0,9,9,10,0,10,0,10,0,0,0,10,0,0,0,7,0,5,8,10,0,10,0,7,5,8,6,10,0,10,0,10,0,10,0,10,0,10,0,10,0,10,0,10,0,8,46,35,4,4,24,9,4,3,21,4,8,0,16,2,4,0,40,0,0,58,16.7
"35","Cyprus",70,0,63,0,76.1,-3.4,47.3,10.6,74.5,-5,58.2,-1.4,85.3,2.6,88,0,75,5,50,0,1,35,12.5,31.8,41.9,0.9,27.4,-2.3,-1.7,30769,-0.3,679,107.1,11,30,1,6,3,9,6,1,1,10,0,10,0,0,0,7,5,10,0,0,0,10,0,0,0,9,5,10,0,10,0,10,0,10,0,10,0,10,0,9,7,10,0,10,0,10,0,0,0,10,0,0,0,8,7,7,5,10,0,10,0,10,0,9,5,10,0,10,0,10,0,10,0,10,0,10,0,10,0,10,0,10,0,8,51,34,6,5,17,8,6,2,14,3,10,0,23.7103144251181,7,0,35,0,6,0,37,0,6,5,15.6
"36","Denmark",95,0,92,1,39.5,-0.1,2.3,0.5,95.4,-2,86,-6.1,84.4,-3.2,88,0,90,0,80,0,1,56,23.5,48.6,57.1,5.6,249.5,1,0.5,44343,0.6,3651.9,42.6,55,6,1,6,8,2,8,7,9,6,1,0,10,0,10,0,0,0,10,0,9,9,0,2,9,9,0,5,10,0,10,0,10,0,10,0,10,0,10,0,10,0,9,9,10,0,10,5,10,0,0,0,10,0,0,0,9,3,8,5,10,0,10,0,10,0,9,7,10,0,10,0,10,0,10,0,10,0,10,0,10,0,10,0,10,0,9,33,4,1,5,34,9,4,5,20,6,8,0,18,8,3,0,52,0,2,0,6.6
"37","Ecuador",15,0,33,-2,79.2,0.1,41.8,-9.2,55.5,4.1,51.6,0.3,68.1,-0.1,71.4,0,30,0,40,0,4.3,35,22,19.3,44,16,180.2,3.6,5,11244,3.6,773.9,29.8,81,83,3,6,3,8,4,3,7,7,5,9,10,0,10,0,0,0,7,5,10,0,0,1,9,9,0,4,9,5,10,0,10,0,10,0,10,0,10,0,10,0,9,0,10,0,10,5,10,0,0,0,10,0,0,0,2,3,3,3,10,0,10,0,10,0,7,9,10,0,10,0,10,0,10,0,10,0,10,0,10,0,10,0,10,0,7,55,59,6,1,19,3,9,6,2,0,2,0,46,5,6,0,36,0,4,0,4.6
"38","Egypt",20,0,37,5,85.6,-0.2,65.9,-2.1,68.3,2.9,51.4,-2.2,65.8,-1.6,70.6,0.6,55,5,40,0,9.7,25,25,13.9,33.7,86.7,943.1,2.2,2.7,10877,10.1,4783.2,90.5,81,156,4,8,4,2,3,6,9,0,2,5,0,0,9,1,2,8,2,5,7,9,6,3,8,7,6,5,5,6,0,9,7,5,0,0,0,0,0,0,2,8,5,8,5,0,0,5,10,0,0,0,7,4,25,0,1,3,1,5,7,5,10,0,7,5,6,5,-29.7145618422162,0,0,0,0,0,0,0,0,0,0,0,0,0,0,0,0,3,89,158,8,2,12,1,7,1,11,3,2,0,42,0,9,0,23,0,5,0,39,13.2
"39","El Salvador",35,0,39,1,79.1,-0.3,85.3,-0.2,56,2.7,52.6,-0.7,83.4,0.9,85.8,0.6,75,0,60,-10,2.1,30,30,17.1,22.1,6.4,50.9,2,1.8,8021,1.1,275,56.5,3,70,2,0,3,0,4,4,0,0,82,8,10,0,10,0,0,0,7,5,10,0,0,0,10,0,0,0,9,5,10,0,10,0,10,0,10,0,10,0,10,0,6,5,10,0,10,0,0,0,1,0,10,0,0,0,6,7,5,5,10,0,10,0,10,0,7,5,0,0,10,0,10,0,10,0,10,0,10,0,10,0,10,0,7,5,6,92,83,8,2,12,0,9,5,2,4,8,0,15,8,8,0,30,0,8,0,6.2
"40","Estonia",90,0,69,1,81.9,1.3,54.9,1.7,79,-2.5,57.2,-1.5,82.2,4.6,88,0,90,0,80,0,1,20,20,31.8,38.8,1.3,35.6,2.1,3.8,26999,0.5,982.9,9.7,44,14,1,8,6,8,7,8,8,7,3,2,10,0,10,0,0,0,10,0,10,0,0,0,10,0,0,0,10,0,10,0,10,0,10,0,10,0,10,0,10,0,9,6,10,0,10,5,10,0,0,0,10,0,0,0,8,3,9,0,10,0,10,0,10,0,9,6,7,0,10,0,10,0,10,0,10,0,10,0,10,0,10,0,9,3,9,1,17,3,5,28,2,6,1,15,0,7,0,21,5,10,0,20,0,4,0,7.7
"41","Ethiopia",30,0,33,0,77.2,-0.2,90.5,-0.9,55.8,-0.1,57.7,1.3,66,-0.1,65,0.6,20,0,20,0,10,35,30,12.4,17.8,91,144.6,10.3,10.2,1589,7.4,1200,21.9,40,150,4,9,3,4,3,3,7,0,7,6,5,0,9,8,0,5,2,5,9,1,2,7,9,8,0,8,7,3,2,6,10,0,5,0,5,0,5,0,5,9,6,7,5,0,5,5,10,0,0,0,8,4,16,0,0,3,0,5,7,5,7,5,2,5,5,3,-19.6144048721221,10,0,10,0,10,0,0,0,0,0,0,0,10,0,6,7,5,6,150,8,2,12,2,9,1,3,8,4,0,36,2,7,0,35,0,3,0,48,5.2
"42","Fiji",30,5,22.3,0,81.2,-0.1,75.3,0.7,62,-1.2,70.6,-4.6,77.6,-0.7,68.8,-1.4,50,0,50,0,10.6,29,20,25.3,28.7,0.9,7.3,4.1,3.2,8236,0.5,278.9,49.5,29,55,2,4,7,9,1,2,3,10,0,10,0,0,0,-12.4774443355407,10,0,0,0,10,0,0,0,10,0,10,0,7,5,5,0,5,0,5,0,7,5,8,9,10,0,5,0,10,0,8,6,0,-1.07486617247083,30.3573409929332,12.7635617541126,7,7,-15.9874618364497,10,0,10,0,10,0,10,0,10,0,10,0,10,0,10,0,7,79,49,3,5,28,1,9,5,2,5,6,0,29,6,5,0,49,0,5,0,49,0,5,0,6,0,-6.58184396023193,4,6,-1.73213752162422,7,9,29.1175646794702,5,1,7.9
"43","Finland",90,0,89,0,66.5,0.1,0.8,-2.8,90.7,-1.9,53.7,-1.1,81.9,2,88,0,85,-5,80,0,1,31.8,20,44,57.5,5.5,221,-0.1,0.5,40347,1.2,18624.7,59.6,47,10,1,0,8,5,8,6,9,4,1,4,10,0,10,0,0,0,10,0,10,0,0,0,10,0,0,0,10,0,10,0,10,0,10,0,10,0,10,0,10,0,9,8,10,0,10,0,10,0,0,0,10,0,0,0,8,7,9,0,10,0,10,0,10,0,9,7,7,0,10,0,10,0,10,0,10,0,10,0,10,0,10,0,9,3,9,29,5,2,9,30,3,3,2,25,3,8,0,18,7,3,0,48,2,0,54,8.6
"44","France",80,0,69,-2,47.7,0.2,2.5,0,78.4,-1.8,43.5,0,79.1,1.6,83,0,70,0,70,0,1,45,34.3,45,57,63.9,2580.8,0.4,1,40375,0.6,15191.1,95.1,1,32,1,0,6,5,6,8,9,5,1,4,10,0,10,0,0,0,10,0,9,5,1,4,8,6,7,0,9,6,10,0,10,0,10,0,10,0,10,0,10,0,9,7,10,0,10,0,10,0,0,0,10,0,0,0,8,0,6,8,10,0,10,0,10,0,9,3,10,0,10,0,10,0,10,0,10,0,10,0,10,0,10,0,10,0,8,77,25,3,0,29,9,2,4,28,3,8,0,15,6,5,0,50,0,2,0,9.9
"45","Gabon",40,0,37,3,77.6,0.1,74.5,-0.1,58.4,0.5,61.9,-2.4,78.4,0,61.8,0.8,60,5,40,0,14.1,35,30,10.6,29.2,1.6,36.3,5.1,5.9,22924,4.5,972.9,27.8,58,144,4,4,2,6,8,8,0,10,0,10,0,0,0,5,0,10,0,0,0,10,0,0,0,9,0,10,0,7,5,10,0,5,0,7,5,8,3,8,0,0,0,0,0,0,0,0,0,10,0,0,0,2,0,3,8,7,5,7,5,2,5,6,2,16.1742793707567,0,0,0,0,0,0,10,0,10,0,10,0,0,0,3,3,5,32,144,3,7,27,5,9,8,1,2,8,0,17,6,5,0,40,0,2,0,53,0,3,5,19.7
"46","Gambia",25,0,29,1,75.5,0.1,78,4.6,53.4,-2.3,65.8,-0.9,64.7,-6.1,65,0,65,0,50,0,12.5,35,32,14.3,27.1,1.9,3.1,-0.2,2.5,1599,6.3,28.4,100.2,6,32,115,270.439739245968,4,0,6,3,9,1,5,0,10,0,0,0,5,0,10,0,0,0,10,0,0,0,8,0,2,4,10,0,0,0,0,0,0,0,4,1,6,2,10,0,5,0,5,0,3,1,3,-26.8416625158322,14.9288248223777,27.7649390670127,2,9,68.135151166539,10,0,10,0,10,0,0,0,0,0,0,0,5,0,5,0,5,30,145,8,3,11,7,9,6,2,0,4,0,34,1,8,0,30,0,8,0,30,0,8,0,7,5,4,6,5,1,5,8,3,7
"47","Georgia",40,0,52,3,87.6,0.4,75.3,1.5,86.5,-2.1,75.7,-4.2,80.5,-2.2,88.6,0,80,0,60,0,0.7,20,15,24.8,28.7,4.5,34.2,4.7,5.6,7653,3.1,1279.1,35.1,80,40,1,4,5,1,5,4,9,6,1,0,10,0,10,0,0,0,5,0,9,9,0,3,9,6,1,9,8,9,10,0,7,5,5,0,5,0,5,0,7,5,8,7,5,0,10,5,10,0,0,0,10,0,0,0,5,7,4,8,10,0,10,0,10,0,8,6,7,0,5,0,5,0,5,0,10,0,10,0,10,0,10,0,8,0,7,58,58,5,3,22,1,6,9,11,9,8,0,16,7,10,0,20,0,10,0,13.4
"48","Germany",90,0,79,1,61.5,0.7,41.3,1.2,90,1.8,50.6,-0.6,83.3,1.8,88,0,90,0,70,0,1,47.5,15.8,36.7,44.3,81.1,3721.6,1.6,2,45888,0.8,1830.9,73.1,46,13,1,5,7,7,8,3,9,5,1,2,10,0,10,0,0,0,10,0,9,9,0,3,9,7,1,5,9,9,10,0,10,0,10,0,10,0,10,0,10,0,9,8,10,0,10,0,10,0,0,0,10,0,0,0,8,0,7,5,10,0,10,0,10,0,9,4,10,0,10,0,10,0,10,0,10,0,10,0,10,0,10,0,10,0,9,24,9,3,9,26,9,3,1,26,0,10,0,10,8,5,0,47,0,5,0,5
"49","Ghana",50,0,48,2,84.9,0.3,77.6,6.8,61.5,-1,56.5,-0.4,66.5,-2.7,65,0.2,60,-5,60,0,10,25,25,16.1,27.3,26.2,108.3,4.2,8.3,4129,15.5,3357,67.6,24,57,2,2,5,1,5,7,9,3,1,7,10,0,10,0,0,0,7,5,10,0,0,0,10,0,0,0,9,5,9,6,10,0,5,0,5,0,5,0,8,2,9,0,10,0,10,5,10,0,0,0,10,0,0,0,7,0,6,8,10,0,7,5,10,0,8,8,-34.1243226097887,10,0,5,0,7,5,0,0,10,0,5,0,10,0,7,5,7,87,46,5,4,21,5,9,6,1,8,6,0,29,2,9,0,25,0,5,0,37,2.4
"50","Greece",40,0,43,3,64.4,0.2,0,0,73.8,0.5,50.2,-1.4,77.7,-0.1,83,0,60,0,40,-10,1,42,26,33.5,60.1,11,284.3,0.8,-4.8,25859,-1.4,2171.6,177.2,20,61,2,7,5,3,5,8,9,7,0,8,10,0,10,0,0,0,5,0,8,0,6,1,10,0,0,2,8,6,10,0,10,0,5,0,5,0,5,0,8,3,8,9,10,0,10,0,10,0,0,0,10,0,0,0,5,7,5,5,10,0,10,0,10,0,8,7,7,0,5,0,5,0,5,0,10,0,10,0,10,0,5,0,6,8,7,95,45,5,2,22,5,3,9,23,0,6,0,27,0,4,0,55,0,1,0,26.3
"51","Guatemala",20,0,32,3,79.1,-0.5,94.3,0.2,62.5,7.8,50.9,0.3,77.9,1.1,86.4,1.8,65,0,50,0,1.8,31,31,13,13.8,15.9,119.1,4,3.5,7503,3.4,1395.8,23.7,9,66,2,5,3,0,4,0,0,0,27,3,10,0,10,0,0,0,5,0,10,0,0,0,10,0,0,0,9,0,10,0,10,0,10,0,10,0,10,0,10,0,6,3,10,0,10,5,4,0,1,0,10,0,0,0,4,0,4,3,10,0,10,0,10,0,7,5,0,0,5,0,5,0,5,0,10,0,10,0,10,0,10,0,6,3,6,55,99,8,7,10,3,9,9,0,9,10,0,10,0,10,0,7,0,9,0,2.9
"52","Guinea",20,5,25,1,68.5,0.4,81.2,1.7,51.4,-0.2,71.8,-2.6,69.2,2.5,61.2,0,45,5,40,0,11.9,40,35,17.9,25.1,11.4,15,0.4,2.5,1313,9.7,566,37.4,65,141,4,3,1,6,5,8,8,10,0,10,0,0,0,7,5,10,0,0,1,10,0,0,0,9,5,0,4,7,5,10,0,5,0,7,5,5,1,7,0,0,0,5,0,5,0,1,0,10,0,0,0,3,3,2,8,7,5,7,5,7,5,5,8,21.6260078738437,0,0,0,0,0,0,0,0,0,0,0,0,5,0,1,7,5,37,140,9,6,7,2,27.9086951993911,33.2836093419315,6,0,25,4,5,0,40,0,3,0,48,0,4,0,6,5,1.8
"53","Guinea-Bissau",20,0,19,0,89.3,0.2,94.1,6.1,36.7,-2.9,61.1,-0.6,78.5,1,59.4,-6,30,0,30,0,12.8,20,25,6.5,14,1.7,2.5,2.5,2.8,1436,-1,21.5,61,5,133,4,2,8,6,2,9,5,10,0,10,0,0,0,5,0,10,0,0,0,10,0,0,0,9,0,5,0,10,0,5,0,0,0,2,5,5,8,7,0,10,0,10,0,10,0,3,4,0,12.7585629794015,14.7822392477625,7.08213090001957,7,1,-14.4557717322805,5,0,5,0,5,0,10,0,10,0,10,0,10,0,8,3,6,86,87,7,6,14,1,-1.9986534615756,26.9937441991033,0,0,64,7,9,0,25,0,4,0,45,0,6,5,4,7,-1.01409705955565,3,2,-16.3879600158007,3,3,4,2,3,3,6.9
"54","Guyana",30,5,30,3,68.7,0,73.1,2.3,63,-0.8,70.7,-3.8,77.4,-1,70.8,-1.2,40,-5,30,0,7.1,33.3,40,20.6,29.9,0.8,5.5,3.8,4.7,6895,1,255.2,65.8,68,96,3,1,4,0,4,7,2,7,18,4,10,0,10,0,0,0,7,5,10,0,0,0,10,0,0,0,9,5,14.6863128838235,-19.6182653049417,10,0,10,0,10,0,10,0,7,4,10,0,10,0,1.95873921594326,3,6,0,-1.68588660327718,-6.40606274376326,1.0290125495189,8,1,1.8318503880499,-22.2853197276143,26.424962827355,4.19317136631141,0,0,10,0,5,0,41.9057712520363,5,0,7,4,78,5,3,22,1,39.7815219908976,-5.18412256637494,6,0,26,7,8,0,30,0,5,0,40,0,6,5,5,9,3,9,4,1,4,5,6,7,2,5,4,4,7,6,11.1
"55","Haiti",10,0,19,0,80.5,0.2,76.4,0.2,47.1,4,62,-1.7,76,2.5,72,-5.6,40,0,30,0,6.5,30,30,12.2,28,10.5,18.3,2.8,2,1750,3.9,99,26,85,75,2,3,6,6,0,10,0,10,0,10,0,0,0,5,0,9,8,0,6,10,0,0,0,9,0,10,0,10,0,5,0,5,0,5,0,8,3,7,8,10,0,10,0,10,0,0,0,10,0,0,0,4,3,5,8,10,0,7,5,10,0,8,2,0,0,5,0,10,0,7,5,10,0,10,0,10,0,10,0,6,9,7,18,74,8,8,10,1,9,9,0,8,7,0,21,1,8,0,30,0,-11.0236099899825,32.4105725818258,8,0,8,6.8
"56","Honduras",30,0,29,3,84.2,-0.7,72,-6.7,58,4.8,31,3,74.8,-0.6,78.4,0.8,60,0,60,0,5.8,25,25,18.1,30.6,8.3,39.1,3.1,3.5,4729,6.1,1144.1,46.1,72,92,3,1,2,4,3,2,0,0,56,5,10,0,10,0,0,0,7,5,9,9,0,2,10,0,0,0,9,5,10,0,10,0,5,0,5,0,5,0,8,3,5,9,10,0,10,5,10,0,0,0,10,0,0,0,4,0,1,8,10,0,10,0,10,0,8,0,0,0,10,0,10,0,10,0,10,0,10,0,10,0,10,0,7,5,6,39,107,7,1,15,8,10,0,0,4,8,0,15,5,9,0,27,0,9,0,3.9
"57","Hungary",45,-10,54,0,78.7,0,26.7,0.8,70.6,-3.9,63.8,-3.9,88.3,9.1,88,0,75,0,70,0,1,16,19,38.9,49.4,9.9,246.4,3.6,1.3,24942,-0.3,4039.4,76.9,74,42,2,0,4,7,5,4,9,2,2,1,10,0,10,0,0,0,7,5,10,0,0,0,10,0,0,2,9,5,10,0,10,0,10,0,10,0,10,0,10,0,9,6,10,0,10,0,10,0,0,0,10,0,0,0,6,0,5,8,10,0,10,0,10,0,8,8,10,0,10,0,10,0,10,0,10,0,10,0,10,0,10,0,10,0,8,26,38,3,3,28,9,5,3,17,8,4,0,30,5,10,0,15,0,4,0,7.8
"58","Iceland",90,0,79,1,73.3,1.3,42.1,9.5,90.1,-0.4,61.6,-0.6,79.5,2.5,87.8,-0.2,70,0,60,0,1.1,31.8,20,35.5,43.9,0.3,14.2,1.8,1.1,43637,2,436.1,82.1,15,27,1,7,6,9,9,0,3,10,0,10,0,0,0,10,0,10,0,0,0,10,0,0,0,10,0,10,0,10,0,10,0,10,0,10,0,10,0,10,0,10,0,10,0,10,0,0,0,10,0,0,0,8,7,8,8,10,0,10,0,10,0,9,6,7,0,10,0,10,0,10,0,10,0,10,0,10,0,10,0,9,3,9,8,13,2,3,32,0,8,0,8,0,8,0,15,2,4,0,46,0,3,0,52,0,3,5
"59","India",55,0,38,2,77.1,-2.3,78.1,-0.2,47.6,4.3,47.8,-0.9,72.8,7.5,71,6.4,35,0,40,0,7,30.9,32.4,16.7,27,1259.7,7375.9,7.2,7.2,5855,6,34416.8,65,41,110,3,2,4,2,4,3,8,7,3,2,0,0,9,8,0,5,5,0,9,9,0,3,9,9,0,6,6,9,10,0,5,0,5,0,5,0,5,0,6,7,7,4,5,0,5,0,9,6,5,0,10,0,1,0,6,3,4,5,10,0,7,5,7,5,7,9,7,0,5,0,5,0,5,0,0,0,10,0,5,0,5,0,5,5,6,20,112,6,9,16,5,9,0,4,3,7,0,24,3,8,0,35,0,8,0,3.6
"60","Indonesia",30,0,34,2,83.4,0.1,89,0.7,54,4.7,49.3,0.6,74.3,-0.6,80.4,5.6,40,0,60,0,2.3,30,25,11.8,19.1,251.5,2676.1,5,5.8,10641,6.4,22579.6,25,77,85,3,5,3,5,4,1,9,8,0,5,10,0,10,0,0,0,7,5,10,0,0,1,10,0,0,1,9,5,10,0,7,5,5,0,5,0,5,0,7,5,8,9,10,0,5,0,10,0,0,0,10,0,0,0,4,7,5,5,7,5,10,0,5,0,7,5,10,0,5,0,5,0,5,0,5,0,5,0,5,0,5,0,6,3,6,38,108,7,6,14,1,9,1,3,7,7,0,1.58020082854029,8,0,30,0,7,0,35,6.2
"61","Iran",10,0,27,2,81.2,0,93.2,0.2,59.3,2.3,49,-2.3,50.6,1.9,54.6,13.2,0,0,10,0,15.2,35,25,5.8,15,78,1334.3,3,1,17114,15.5,2105.5,12.2,28,153,4,2,4,5,4,4,9,0,2,5,0,0,9,9,0,4,2,5,10,0,0,1,10,0,0,1,6,5,10,0,7,5,0,0,0,0,0,0,5,8,7,1,0,0,0,0,10,0,0,0,9,0,8,0,0,0,1,0,7,5,5,0,5,0,5,4,7,0,0,0,0,0,0,0,0,0,0,0,0,0,5,0,3,0,4,53,154,5,5,21,3,8,0,7,9,4,0,31,6,10,0,20,0,10,0,12.8
"62","Iraq",-188.357565203907,16.1096270300628,16,0,160.054831130964,-8.7291438240213,29.7,-14.1,63.2,5.5,68.5,-5.9,75,1.4,104.464748197108,-265.331113336254,126.480968793683,-92.0041489389524,255.328151084396,65.9880143719955,-7.67289027176035,15,15,144.39994244749,48.4,35.9,522.7,-2.4,6.4,14571,2.2,4781.8,37,26,159,4,2,5,6,1,9,9,0,0,0,0,325,4,0,0,0,0,327,6,0,0,384,0,0,0,10,0,7,5,0,0,0,0,0,0,5,8,4,0,0,0,0,0,0,0,11,0,10,0,0,0,2,3,2,0,7,5,7,5,7,5,5,3,-24.7157178027409,0,0,0,0,0,0,0,0,0,0,0,0,0,0,0,0,3,12,160,4,0,26,4,8,0,7,9,0,0,55,3,10,0,15,0,8,0,28,0,9,0,16.4
"63","Ireland",90,5,74,2,73.6,0,50.3,4.7,79.6,-2.5,72.1,-4.1,85.5,1.6,88,0,90,0,70,0,1,41,12.5,28.3,40.7,4.6,226.8,4.8,1.4,49195,0.3,7697.7,109.5,50,8,1,7,6,9,7,0,8,10,0,10,0,0,0,7,5,9,9,0,4,9,9,0,6,9,4,10,0,10,0,10,0,10,0,10,0,10,0,9,7,10,0,10,0,10,0,0,0,10,0,0,0,8,0,8,5,10,0,10,0,10,0,9,5,10,0,10,0,10,0,10,0,10,0,10,0,10,0,10,0,10,0,8,94,21,3,7,27,3,7,0,11,5,10,0,5,6,6,0,40,0,3,0,51,0,4,11.6
"64","Israel",75,0,60,-1,60.6,-1.3,48.8,1,70.6,-1.8,64.6,-2.5,84.2,2.6,88.2,-0.4,85,5,70,0,0.9,48,26.5,30.5,41.3,8.2,268.5,2.8,3.8,32691,0.5,6431.6,68.8,52,49,2,6,8,9,5,1,4,10,0,10,0,0,0,5,0,9,4,1,9,5,9,20,5,8,1,10,0,10,0,10,0,10,0,10,0,10,0,9,2,0,0,0,0,5,0,0,0,1,8,7,0,7,3,6,5,10,0,10,0,10,0,7,9,-8.02944387529968,10,0,10,0,10,0,10,0,10,0,10,0,10,0,10,0,7,54,60,3,3,28,9,6,7,12,5,10,0,10,9,5,0,50,0,5,0,50,0,5,0,6.1
"65","Italy",50,-5,43,0,55.8,1.6,22.1,-1.1,70.3,-1.6,53,-2.4,84.5,3.3,88,0,85,0,60,0,1,43,27.5,42.6,51,60,2127.7,-0.4,-0.5,35486,0.2,11450.8,132.1,98,34,1,6,6,4,6,5,9,7,0,7,10,0,10,0,0,0,10,0,10,0,0,0,10,0,0,0,10,0,10,0,10,0,10,0,10,0,10,0,10,0,9,9,10,0,10,5,10,0,0,0,10,0,0,0,6,0,7,5,10,0,10,0,10,0,9,1,7,0,10,0,10,0,10,0,10,0,10,0,10,0,10,0,9,3,8,69,30,4,8,23,6,3,5,24,5,10,0,12,3,5,0,47,2,0,61,12.5
"66","Jamaica",40,0,38,0,81.7,0.2,78,4.8,81.3,-4.6,72.7,-3.8,77.5,6.1,75.4,0.4,80,-5,50,0,7.3,25,25,24,27.1,2.8,24.1,0.5,0,8609,7.1,550.8,140.6,22,60,2,4,5,0,5,4,0,0,47,0,10,0,10,0,0,0,7,5,10,0,0,0,10,0,0,0,9,5,10,0,10,0,10,0,10,0,10,0,10,0,6,5,10,0,10,5,10,0,0,0,10,0,0,0,9,0,7,8,10,0,10,0,10,0,9,5,0,0,10,0,10,0,10,0,0,0,10,0,5,0,10,0,6,3,7,27,70,7,3,15,0,8,4,6,5,7,0,21,9,9,0,25,0,5,0,13.2
"67","Japan",80,0,76,2,68.5,-0.2,46.2,-0.9,82.5,-1.6,83.9,-6.3,81.2,-5.5,82.6,0,70,0,60,10,1.2,40.8,23.9,30.3,42.3,127.1,4750.8,-0.1,1.5,37390,2.7,2089.8,246.4,10,31,1,9,7,4,7,6,9,9,0,3,10,0,10,0,0,0,10,0,10,0,0,1,10,0,0,2,10,0,10,0,7,5,10,0,10,0,10,0,9,2,9,7,10,0,10,5,10,0,0,0,10,0,0,0,8,3,6,0,10,0,10,0,10,0,9,2,7,0,10,0,10,0,10,0,10,0,10,0,10,0,10,0,9,3,8,73,29,4,1,26,2,4,1,22,3,7,0,21,8,3,0,56,0,3,0,3.7
"68","Jordan",60,0,49,4,91.7,-2,62,-8.7,64.9,5.8,68.4,-6,83.1,2.5,73.4,-6.2,70,0,60,0,8.3,14,20,15.3,35.6,6.7,79.6,3.1,2.7,11927,2.9,1760.4,89.3,85,75,2,2,6,0,5,8,9,4,1,5,10,0,8,8,3,6,7,5,8,8,3,7,8,6,6,9,8,7,10,0,7,5,0,0,0,0,0,0,5,8,8,0,10,0,5,0,10,0,0,0,10,0,0,0,2,7,3,5,7,5,7,5,5,0,6,6,-11.4513309449523,0,0,0,0,0,0,10,0,10,0,10,0,0,0,3,3,6,24,111,7,0,16,0,7,8,8,6,8,0,15,5,10,0,20,0,5,0,36,11.1
"69","Kazakhstan",30,5,29,3,93,-0.2,87.7,2.7,72.3,-1.4,82.7,-4.3,74,-0.6,77.4,-1.6,40,0,50,0,3.8,10,20,14,20.2,17.4,418.5,4.3,6,24020,6.7,9562,15.1,74,90,3,6,4,1,4,5,8,1,4,8,10,0,10,0,0,0,5,0,9,8,0,6,9,9,0,6,8,9,10,0,10,0,10,0,10,0,10,0,10,0,9,0,5,0,5,0,10,0,0,0,8,3,3,0,0,7,1,5,7,5,7,5,7,5,6,1,7,0,10,0,10,0,10,0,10,0,10,0,10,0,10,0,9,3,6,38,109,6,5,17,9,8,6,5,8,6,0,27,3,10,0,10,0,8,0,4.1
"70","Kenya",30,0,25,-2,79.4,1.4,80.8,8.7,48.6,0.7,62.2,-1.6,73.5,0.7,65.6,1.6,60,10,50,0,9.7,30,30,16.2,25.3,42.9,132.4,5.3,6,3084,6.9,989,48.6,82,82,2,6,3,8,4,0,8,1,4,9,0,0,9,7,1,0,5,0,9,5,1,5,9,7,1,4,6,8,7,3,7,5,5,0,5,0,5,0,6,6,7,1,5,0,5,0,10,0,0,0,10,0,0,0,4,3,4,0,10,0,10,0,10,0,8,3,10,0,5,0,5,0,5,0,0,0,10,0,5,0,10,0,7,5,6,45,102,7,5,14,6,9,8,1,2,6,0,29,4,8,0,30,0,8,0,9.2
"71","Kuwait",45,0,44,1,97.7,0,57.7,-3.4,63.4,4.8,62.7,-1.5,74.2,0.2,77.2,1,55,0,50,0,3.9,0,15,0.7,37.5,4,284,1.3,3.3,71020,2.9,485.8,7.1,19,124,4,5,2,9,3,1,8,10,0,10,0,0,0,7,5,9,9,0,2,10,0,0,2,9,5,10,0,7,5,0,0,0,0,0,0,5,8,8,2,10,0,0,0,5,0,0,0,10,0,0,0,3,0,4,3,10,0,7,5,7,5,7,5,20.374099837325,0,0,0,0,0,0,0,0,10,0,5,0,0,0,1,7,5,63,133,1,1,36,4,6,9,11,9,7,0,4.32113361176499,10,0,0,0,10,0,20,0,10,0,6,3
"72","Kyrgyz Republic",20,0,27,3,93.7,0.1,56.3,3.1,65.3,-8.4,80.4,-4.6,68.4,-5.4,75,-5.2,60,0,50,0,2.5,10,10,20.8,38.1,5.7,19.2,3.6,3.7,3361,7.5,210.5,53,59,99,3,6,3,2,3,8,8,2,4,5,5,0,10,0,0,0,2,5,9,9,0,2,9,8,0,8,7,5,10,0,10,0,5,0,5,0,5,0,8,3,8,0,5,0,5,1,0,3,3,3,3,-4.52010807997425,2.32335941085571,0.30192208229492,6,2,7,0,10,0,10,0,10,0,10,0,10,0,10,0,5,0,8,0,6,25,110,6,7,17,3,7,1,11,0,6,0,25,5,10,0,10,0,7,0,32,0,8,5,7,1,3,5,3,3,8.1
"73","Latvia",50,0,55,2,84.8,0.4,58.4,-0.8,78.6,-3.5,59.5,-2,84.8,1,88,0,85,0,60,10,1,23,15,27.7,37.2,2,48.2,2.4,2.7,23707,0.7,473.5,37.8,25,23,1,6,7,8,7,3,4,10,0,10,0,0,0,10,0,10,0,0,0,10,0,0,0,10,0,10,0,10,0,10,0,10,0,10,0,10,0,9,6,10,0,10,0,10,0,0,0,10,0,0,0,7,7,8,0,10,0,10,0,10,0,9,4,10,0,10,0,10,0,10,0,10,0,10,0,10,0,10,0,10,0,8,85,22,5,1,22,7,7,0,11,4,8,0,19,2,9,0,23,0,4,0,44,0,6,10
"74","Lebanon",20,0,27,-1,91.3,0,75.7,5.1,59.1,4.4,57.3,-3.4,79,7,75.8,0,60,0,50,-10,7.1,20,15,15.5,28.5,4.5,81.1,2,3.2,17986,1.9,3070.1,134.4,71,95,3,7,3,7,4,3,8,4,4,0,10,0,10,0,0,0,2,5,8,6,4,2,7,5,12,3,7,7,10,0,10,0,0,0,0,0,0,0,6,7,7,6,5,0,10,0,10,0,0,0,10,0,0,0,3,3,4,8,10,0,10,0,10,0,8,3,-13.6269248241314,5,0,5,0,5,0,0,0,10,0,5,0,0,0,3,3,6,43,104,7,5,14,3,8,1,7,4,10,0,7,6,10,0,20,0,8,0,26,6.4
"75","Lesotho",30,-5,49,0,59.1,-9.4,0,0,53.3,-1.4,62.1,-1.8,76.9,1.7,85.8,21.2,50,5,40,0,2.1,35,25,47.3,62.6,1.9,5.3,2.2,4.5,2764,3.9,46.4,45.9,53,100,3,4,9,0,0,41,2,10,0,10,0,0,0,7,5,10,0,0,0,10,0,0,0,9,5,10,0,7,5,5,0,5,0,5,0,7,5,5,7,10,0,10,0,10,0,7,4,5,2.61615077638032,18.3312418333278,8.03945832678401,7,5,0,0,5,0,10,0,7,5,10,0,10,0,10,0,5,0,5,6,6,69,93,2,6,31,0,8,9,4,6,0,0,58,6,8,0,30,0,8,0,30,0,8,0,4,9,4,6,4,1,4,4,6,26.2
"76","Liberia",25,0,37,-1,83.8,0.8,67.7,-2.2,55.1,-5,44.5,0.6,71,-1.7,72.8,-1.6,45,5,20,0,6.1,25,25,19.2,32.8,4.2,3.7,0.5,6.2,882,9.9,302,33.2,48,106,3,3,3,1,3,8,8,7,3,2,10,0,10,0,0,0,7,5,10,0,0,0,10,0,0,0,9,5,4,2,10,0,5,0,5,0,5,0,6,4,8,2,5,0,10,0,0,4,3,4,5,-12.2343611713843,28.6376898991014,-9.70646840600569,7,2,-3.8464780683893,10,0,5,0,7,5,0,0,0,0,0,0,5,0,4,2,6,40,105,8,8,10,0,8,6,5,5,4,0,37,9,9,0,25,0,7,0,31,0,8,0,7,4,3,8,3,9,4,3.8
"77","Libya",10,0,18,3,95,0,0,-37.5,55.5,8.7,63.1,-3.6,74,2.6,61.9722600307377,-220.986669573939,5,0,256.972933669809,41.3900941469034,-4.41510227092175,10,20,0.7,69.8,6.2,97.6,-24,2,15706,2.8,50,39.3,31,158,4,2,2,9,0,2,5,5,0,0,0,266,6,0,0,0,0,100,3,0,0,117,1,1,0,10,0,7,5,0,0,0,0,0,0,5,8,5,3,-0.399477371549278,-6.59001702787131,5,0,5,0,10,0,0,0,2,7,1,3,7,5,7,5,5,0,4,8,7.76486650615492,0,0,5,0,2,5,0,0,0,0,0,0,0,0,0,8,3,88,159,0,0,56,7,-56.9547529816528,-38.644652685274,104.097469817492,45.0713612031327,10,0,14,0,9,0,25,0,9,5,4,8,3,4,2,3,19.2
"78","Lithuania",65,5,58,1,92.9,0,63.8,2.5,80,-4.9,60,-2,84.6,3.4,88,0,80,0,80,0,1,15,15,16,34.7,2.9,79.6,2.9,3.6,27051,0.2,217.1,37.7,34,20,1,6,8,7,9,5,2,10,0,10,0,0,0,10,0,10,0,0,0,10,0,0,0,10,0,10,0,10,0,10,0,10,0,10,0,10,0,9,3,10,0,10,0,10,0,0,0,10,0,0,0,8,0,8,5,10,0,10,0,10,0,9,5,10,0,10,0,10,0,10,0,10,0,10,0,10,0,10,0,10,0,8,82,24,5,6,21,1,6,4,13,8,10,0,24.2892952162425,10,0,15,0,4,0,42,0,7,0,11.3
"79","Luxembourg",90,0,82,2,61.1,-1.2,43,0.8,73.7,2.4,42.6,0.5,83.2,2.5,88,0,95,0,80,0,1,43.6,21,39.3,43.6,0.6,51.4,2.9,2.5,92049,0.7,7087,24.6,43,15,1,7,9,9,7,0,7,10,0,10,0,0,0,9.86001069211091,10,0,0,0,10,0,0,0,10,0,10,0,10,0,10,0,10,0,10,0,10,0,9,9,10,0,10,0,10,0,10,0,10,0,0,0,9,0,8,8,10,0,10,0,10,0,9,7,7,0,10,0,10,0,10,0,10,0,10,0,10,0,10,0,9,3,9,26,7,1,3,35,6,3,9,23,0,7,0,22,5,5,0,43,0,4,0,49,0,4,5,6.1
"80","Macedonia",35,0,45,1,92.1,0.7,69.6,4,76.4,-2.8,66.7,-4,83.5,4.5,86.4,0.2,60,0,60,0,1.8,10,10,24.2,31.8,2.1,27.6,3.8,2.3,13349,-0.1,348,38,27,56,2,6,4,7,5,0,9,4,1,6,10,0,10,0,0,0,5,0,10,0,0,0,10,0,0,0,9,0,10,0,7,5,5,0,5,0,5,0,7,5,8,6,10,0,0,0,10,0,0,0,10,0,0,0,3,7,3,8,10,0,10,0,7,5,7,8,7,0,10,0,10,0,10,0,10,0,10,0,10,0,10,0,9,3,7,41,67,6,1,19,4,4,6,20,5,6,0,26,0,10,0,10,0,7,0,27.9
"81","Madagascar",45,0,28,0,91.1,0.2,93.4,-1.3,52.9,-9.4,48.5,3.4,74.5,-4.7,77.2,5.4,50,0,50,0,6.4,20,20,9.3,14.9,23.6,33.9,3,2,1437,6.1,350.7,34.907,51,103,3,9,3,6,3,6,6,9,7,7,10,0,10,0,0,0,7,5,10,0,0,1,9,3,3,7,9,3,10,0,10,0,5,0,5,0,5,0,8,3,8,2,10,0,10,5,10,0,0,0,10,0,0,0,3,7,4,3,10,0,10,0,10,0,8,3,-44.5681398736715,10,0,5,0,7,5,10,0,10,0,10,0,5,0,7,5,6,84,88,8,4,11,4,9,9,0,8,4,0,34,2,10,0,20,0,7,0,34,3.6
"82","Malawi",40,0,33,-4,79,0.5,27.1,-21.9,44.5,-4.6,63.4,0.3,53.6,-0.2,72.4,0.2,55,0,50,0,3.8,30,30,17.4,49.3,17.6,13.7,5.7,4.7,780,23.8,130,62,65,97,3,4,4,3,4,9,9,3,1,7,10,0,10,0,0,0,7,5,10,0,0,0,10,0,0,0,9,5,10,0,7,5,5,0,5,0,5,0,7,5,8,8,10,0,10,0,0,5,0,6,3,-1.2494071872681,39.4385126921738,-6.67194088943867,7,8,10,0,10,0,10,0,10,0,0,0,0,0,0,0,10,0,7,5,7,45,65,6,9,16,7,9,4,2,8,2,0,41,0,8,0,30,0,4,0,41,0,6,0,6,1,5,2,3,7,7.5
"83","Malaysia",55,0,52,2,85,0.6,74.3,0.3,91.4,-2.1,71.5,-4.2,84.5,3.7,81.4,1.4,60,5,60,0,4.3,25,25,15.8,29.3,30.3,746.1,6,5.8,24654,3.1,10799.2,57,41,110,3,6,5,5,5,4,9,2,2,1,10,0,10,0,0,0,10,0,9,9,0,2,9,9,0,3,10,0,10,0,10,0,0,0,0,0,0,0,6,7,8,6,5,0,5,0,10,0,0,0,10,0,0,0,1,3,3,8,7,5,7,5,7,5,6,8,7,0,5,0,5,0,5,0,0,0,0,0,0,0,5,0,4,3,5,90,126,6,3,18,7,8,2,7,2,4,0,33,3,9,0,28,0,9,0,2
"84","Mali",25,0,32,4,70.3,0.7,82.8,-6.4,46.3,-0.9,50.8,0.1,83,1.9,70.2,-3,65,5,40,0,7.4,40,35,12.2,23.9,15.8,27.3,6.8,3.4,1729,0.9,198.9,31.5,93,134,4,3,9,5,6,10,9,5,0,8,2,5,3,2,5,6,7,9,8,7,6,12,2,6,0,1,1,7,5,5,0,5,0,5,0,4,5,5,4,10,0,10,0,5,0,0,0,10,0,0,0,7,3,5,3,7,5,7,5,7,5,7,9,0.349352395468574,0,0,0,0,0,0,10,0,10,0,10,0,5,0,5,0,6,6,119,6,9,16,5,9,8,1,1,0,0,51,8,5,0,40,0,1,0,57,0,3,0,8.1
"85","Malta",70,-5,55,-1,63.9,0.8,46.5,2.1,61.6,0.6,53.5,-2.1,83.5,1.7,88,0,85,5,60,0,1,35,35,34,42.2,0.4,14.1,3.6,2.9,33216,0.8,9278.9,68.1,35,19,1,6,9,9,6,0,9,10,0,10,0,0,0,18.8403955568778,10,0,0,0,10,0,0,0,10,0,-19.628069743701,10,0,10,0,10,0,10,0,10,0,9,9,10,0,10,0,10,0,10,0,10,0,0,0,8,3,7,8,10,0,10,0,10,0,9,4,10,0,10,0,10,0,10,0,10,0,10,0,10,0,71.2264665008449,10,0,8,98,20,4,1,26,0,6,5,13,2,6,0,34.5700345980304,7,0,35,0,7,0,35,0,7,0,5,9,5,5.9
"86","Mauritania",25,0,30,0,81.6,1.4,75.3,15.5,48.7,-1.8,50.7,-1.4,77.7,1.1,69,0,50,0,40,0,8,30,25,17.7,28.7,3.6,15.5,6.4,5.4,4288,3.5,492.5,59.1,47,147,4,3,9,6,0,9,9,5,0,10,0,0,0,5,0,10,0,0,0,10,0,0,0,8,0,2,8,7,5,0,0,0,0,0,0,3,4,5,8,5,0,10,0,10,0,0,0,7,7,1,0,4,3,5,0,5,0,5,0,5,0,6,0,23.7793558815808,0,0,0,0,0,0,0,0,0,0,0,0,0,0,0,0,4,99,151,4,0,26,4,39.3992349359739,-15.1062837612144,6,0,28,3,6,0,40,0,6,0,40,0,6,0,5,3,31
"87","Mauritius",60,-5,54,2,92,0.1,81.5,-5.9,77.5,-0.5,65,-3.2,78.7,1.1,88.6,0.2,80,-5,70,0,0.7,15,15,18.6,24.9,1.3,23.4,3.2,3.5,18553,3,418.4,52.8,86,37,1,6,4,9,3,1,8,10,0,10,0,0,0,10,0,10,0,0,0,10,0,0,0,10,0,10,0,10,0,5,0,5,0,5,0,8,3,9,2,5,0,5,0,10,0,0,0,10,0,0,0,8,0,7,5,10,0,10,0,10,0,9,4,24.0654568301462,10,0,10,0,10,0,0,0,0,0,0,0,5,0,5,0,7,72,52,6,7,17,3,8,4,6,5,6,0,25,6,10,0,15,0,8,0,26,0,9,0,7.7
"88","Mexico",50,0,35,1,74.9,-2.9,76.4,-1.6,70.7,-0.8,58.2,-1.7,77.4,-0.2,79.2,-6.4,70,0,60,0,5.4,35,30,19.7,28.1,119.7,2140.6,2.1,3.3,17881,4,22794.7,50.1,85,75,2,0,3,0,3,9,2,3,19,3,0,0,10,0,0,0,7,5,10,0,0,0,10,0,0,0,7,5,10,0,10,0,5,0,5,0,5,0,8,3,6,0,10,0,10,5,2,9,9,0,10,0,0,0,3,7,2,3,10,0,10,0,10,0,7,0,10,0,10,0,10,0,10,0,10,0,10,0,10,0,10,0,10,0,6,80,89,7,3,15,2,6,4,13,9,10,0,14,6,8,0,35,0,8,0,4.9
"89","Moldova",40,0,35,0,85.4,0.3,55.6,3.8,64.6,-2.2,39.3,-1.3,76,-0.1,73.6,-6.2,55,5,50,0,5.7,18,12,31.5,38.5,3.6,17.7,4.6,5.4,4979,5.1,207.4,31.5,85,75,2,7,3,6,4,5,8,7,3,2,10,0,10,0,0,0,5,0,10,0,0,0,10,0,0,0,9,0,10,0,10,0,5,0,5,0,5,0,8,3,8,7,5,0,10,0,10,0,0,0,10,0,0,0,4,3,4,8,7,5,7,5,7,5,7,4,10,0,10,0,10,0,10,0,10,0,10,0,10,0,10,0,10,0,7,6,76,6,5,18,0,6,5,13,3,6,0,25,4,10,0,18,0,4,0,3.4
"90","Mongolia",30,0,39,1,84.4,0.5,51.5,15.9,67.7,-0.5,77.9,-4.8,68,-1.2,70,-4.8,45,-5,60,0,5,10,25,28.8,40.2,2.9,34.8,7.8,14,11882,12.9,507.6,67.3,70,45,2,3,5,0,5,3,7,7,5,7,5,0,10,0,0,0,10,0,10,0,0,0,10,0,0,0,9,0,10,0,10,0,10,0,10,0,10,0,10,0,8,9,10,0,10,5,10,0,0,0,10,0,0,0,5,7,7,0,10,0,10,0,5,0,8,2,7,0,10,0,10,0,10,0,10,0,10,0,10,0,10,0,9,3,8,0,43,5,4,21,7,7,6,9,2,10,0,4,6,10,0,10,0,8,0,4.8
"91","Montenegro",40,0,42,-2,91.6,-1,39.8,3.1,76.6,-0.5,72,-5.5,82.6,2.9,84.8,0,70,5,50,0,2.6,9,9,26,44.8,0.6,9.4,1.1,1.5,14996,-0.7,497,58.4,34,52,2,5,1,8,2,4,5,10,0,10,0,0,0,7,5,10,0,0,0,10,0,0,0,9,5,22.6287764569181,9.52049533551873,-49.9525754554697,12.5961147511462,16.2560495634706,6.340541206644,8,9,10,0,10,0,1.86402480706211,10,0,3.22001981591942,-4.1853065873879,15.0901992627661,9,0,2,7,0,10,0,10,0,10,0,10,0,10,0,10,0,-18.2626080515124,9,0,7,63,56,5,8,20,4,7.66953832700066,-39.9875280511803,8,0,15,5,10,0,12,0,4,0,42,0,7,0,6,9,4,3,4,0,5,0,6,7,-77.5010089819583,4,8,7,6,4,9,5,9,19.1
"92","Morocco",40,0,39,2,71.5,0.6,65.6,4.6,66.4,-2.4,34.3,0.9,84.1,2.2,81.8,3.6,70,0,60,0,4.1,38,30,22.4,33.9,33.2,252.4,2.9,3.7,7606,0.4,3582.3,63.9,18,127,4,4,3,7,4,2,9,5,1,2,10,0,10,0,0,0,5,0,10,0,0,0,10,0,0,0,9,0,10,0,10,0,0,0,0,0,0,0,6,7,8,4,10,0,5,0,10,0,0,0,10,0,0,0,2,3,3,8,10,0,7,5,7,5,7,3,-34.008687295045,5,0,5,0,5,0,0,0,0,0,0,0,5,0,3,3,5,99,124,4,4,24,9,7,3,10,4,8,0,17,7,5,0,44,0,3,0,51,10.2
"93","Mozambique",30,0,31,1,74.3,-0.9,63.5,-3,55.9,-5,41.9,4,79.5,-2.5,70.8,-4.6,35,-5,50,0,7.1,32,32,22.9,34.9,26.5,31.1,7.4,7.3,1174,2.3,4901.8,55.4,8,130,4,3,6,8,6,3,4,10,0,9,7,0,9,5,0,9,3,2,2,9,4,2,9,8,7,10,0,10,0,5,0,5,0,5,0,8,3,8,6,10,0,10,0,5,0,0,0,10,0,0,0,6,0,4,8,7,5,7,5,7,5,7,6,10,0,10,0,10,0,10,0,10,0,10,0,10,0,10,0,10,0,6,66,95,3,4,28,3,9,0,4,1,6,0,25,8,7,0,32,0,5,0,38,0,6,22.6
"94","Namibia",30,0,49,1,64.4,-2.3,63.9,7.9,68.2,3.9,84.5,-6.4,75.1,0.8,83.4,12.2,60,5,40,0,0.8,37,34,32.1,34.7,2.2,23.6,5.3,5.3,10765,5.3,413.7,25.2,90,74,2,5,8,3,1,17,1,10,0,10,0,0,0,7,5,10,0,0,0,10,0,0,0,9,5,10,0,10,0,5,0,5,0,5,0,8,3,7,0,10,0,10,0,10,0,0,0,10,0,0,0,7,0,6,8,18.971717774376,-0.983119682931826,7,5,8,3,7,0,10,0,10,0,10,0,0,0,10,0,5,0,10,0,8,0,7,39,68,4,3,25,4,6,8,12,1,4,0,37,7,6,0,37,0,6,0,37,0,6,0,5,18.6
"95","Nepal",30,0,29,-2,85.1,-0.5,91.1,2.2,64.9,-0.8,47.3,3,70.8,0.3,55.6,-6.2,5,0,30,0,14.7,25,25,15.3,17.2,28.1,66.8,5.5,4.5,2376,9,29.6,26.3,72,92,3,7,4,3,4,3,9,1,2,2,10,0,10,0,0,0,7,5,9,9,0,2,9,9,0,5,9,5,10,0,7,5,10,0,10,0,10,0,9,2,9,3,10,0,10,0,10,0,0,0,10,0,0,0,4,7,4,8,5,0,7,5,5,0,6,7,10,0,10,0,10,0,10,0,10,0,10,0,10,0,10,0,10,0,6,91,85,8,2,12,0,9,4,2,6,7,0,24,8,7,0,35,0,7,0,2.7
"96","Netherlands",90,0,83,0,52.7,0.9,34.4,10.6,80,-4.3,64,-2.3,83.4,3.6,88,0,90,0,80,0,1,52,25,37.4,46.8,16.9,798.6,0.9,0.3,47355,0.3,30253.3,68.3,55,6,1,7,8,0,8,5,9,8,0,6,10,0,10,0,0,0,10,0,10,0,0,1,10,0,0,2,10,0,10,0,10,0,10,0,10,0,10,0,10,0,9,9,10,0,10,0,10,0,0,0,10,0,0,0,9,3,8,8,10,0,10,0,10,0,9,7,7,0,10,0,10,0,10,0,10,0,10,0,10,0,10,0,9,3,9,40,1,1,2,35,9,3,5,24,3,8,0,17,5,3,0,52,0,3,0,6.9
"97","New Zealand",95,0,91,0,71,0.6,46,3,91.4,-4.1,85.9,-5.5,88.1,0.5,87.2,0.4,80,0,80,0,1.4,33,28,32.1,42.4,4.5,158.9,3.2,2.2,35152,1.2,3391.3,34,89,1,1,9,7,4,7,9,9,6,1,0,10,0,10,0,0,0,10,0,10,0,0,0,10,0,0,0,10,0,10,0,10,0,10,0,10,0,10,0,10,0,9,9,10,0,10,0,10,0,0,0,10,0,0,0,8,7,8,0,10,0,10,0,10,0,9,5,7,0,10,0,10,0,10,0,10,0,10,0,10,0,10,0,9,3,9,28,6,4,6,24,3,6,3,14,1,8,0,18,0,7,0,33,0,7,0,5.6
"98","Nicaragua",10,0,28,0,78,-0.4,82.8,6.2,61.2,3.2,55.7,-1,69,1.2,86.2,0.8,65,0,50,0,1.9,30,30,20,24,6.2,29.5,4.5,4.7,4736,6,840,32.2,85,75,2,9,3,4,3,8,7,1,7,4,10,0,10,0,0,0,7,5,10,0,0,0,10,0,0,0,9,5,10,0,10,0,5,0,5,0,5,0,8,3,8,3,10,0,10,0,10,0,0,0,10,0,0,0,5,3,4,0,7,5,5,0,7,5,7,0,0,0,5,0,10,0,7,5,10,0,10,0,10,0,10,0,6,9,6,43,103,9,0,9,5,10,0,0,5,7,0,24,3,8,0,30,0,4,0,5.3
"99","Niger",30,0,35,1,76.3,-0.3,76.8,-6.8,39.6,0.4,42.3,1.4,83,1.7,64.6,-1,55,0,40,0,10.2,35,30,15.8,27.8,17.1,17.9,6.9,6.8,1048,-0.9,769,36.4,86,137,4,4,2,8,2,4,4,10,0,5,6,13,3,2,5,7,0,8,9,8,7,6,7,6,8,9,8,7,5,0,0,0,0,0,0,5,8,6,9,10,0,10,0,0,0,0,0,10,0,0,0,4,7,5,3,2,5,2,5,2,5,5,3,-0.0448119028949859,5,0,0,0,2,5,10,0,10,0,10,0,0,0,4,2,5,71,129,6,5,17,8,9,8,1,1,6,0,28,7,7,0,35,0,3,0,46,0,5,0,5.1
"100","Nigeria",30,0,27,2,85.1,-0.1,94.6,18.5,48.7,0.4,72.9,-4.8,71.5,1.1,64.8,1,40,0,40,0,10.1,24,30,3.1,13.4,173.9,1049.1,6.3,6.2,6031,8.1,4693.8,10.5,7,132,4,0,4,2,4,3,6,1,9,8,0,0,5,6,13,1,2,5,6,1,11,6,8,8,6,2,4,6,7,0,7,5,0,0,0,0,0,0,4,8,5,2,5,0,10,0,10,0,0,0,9,9,2,0,5,3,4,5,10,0,10,0,7,5,8,2,-36.7962498364691,5,0,5,0,5,0,0,0,0,0,0,0,5,0,3,3,5,82,128,9,5,7,8,9,9,1,0,2,0,22.3217571142548,9,0,24,0,5,0,38,0,7.5
"101","Norway",90,0,86,0,53.2,1.1,41.8,-2,89.6,-2.5,48.5,0.3,76.2,-5.5,87.8,-1.6,75,0,60,0,1.1,47.8,27,40.8,44,5.2,345.2,2.2,1.5,66937,2,8682.5,30.1,47,10,1,5,8,3,8,6,9,8,0,5,10,0,10,0,0,0,10,0,10,0,0,0,10,0,0,0,10,0,10,0,10,0,10,0,10,0,10,0,10,0,9,9,10,0,10,0,10,0,0,0,10,0,0,0,9,3,9,3,10,0,10,0,10,0,9,8,10,0,10,0,10,0,10,0,10,0,10,0,10,0,10,0,10,0,9,34,2,1,5,34,8,5,0,19,0,7,0,21,9,6,0,39,0,3,0,3.4
"102","Oman",55,0,45,-2,98.5,0,36.8,-7.4,70.1,1.7,72.5,-3.6,77.9,1.7,85,8.2,70,5,60,0,2.5,0,12,2.6,45.9,4.1,162.4,2.9,4.5,39681,1,1179.9,5.1,13,129,4,5,9,9,7,0,7,10,0,10,0,0,0,7,5,10,0,0,0,10,0,0,0,9,5,10,0,7,5,0,0,0,0,0,0,5,8,8,4,10,0,10,0,0,0,0,0,10,0,0,0,1,7,3,3,5,0,2,5,5,0,5,3,4.34281363923027,0,0,0,0,0,0,0,0,0,0,0,0,0,0,0,0,5,51,137,0,0,48,3,8,1,7,3,0,0,20.3132725883291,10,0,0,0,10,0,17,0,10,0,4,7.2
"103","Pakistan",30,0,29,1,79,1.3,86.2,0.1,61.2,-4.4,42.1,0,71.5,0.3,65,-0.6,55,5,40,0,10,30,33,10.5,21.4,186.3,882.3,4.1,3.6,4736,8.6,1747,64.2,66,140,4,7,3,8,3,5,8,2,4,4,0,0,8,8,3,5,2,5,8,1,5,8,8,0,9,8,5,5,10,0,5,0,0,0,0,0,0,0,5,0,6,2,5,0,5,0,8,4,3,0,10,0,0,0,3,7,2,5,10,0,7,5,7,5,7,1,10,0,0,0,0,0,0,0,0,0,10,0,5,0,0,0,3,8,5,32,143,8,1,12,4,9,2,3,4,6,0,27,2,8,0,30,0,8,0,5.2
"104","Panama",30,0,37,2,84.4,-0.1,77.9,-0.9,74.4,2.9,42.9,1.4,78.6,2.2,77.8,-0.6,75,0,70,0,6.1,25,25,17.7,27.2,3.9,76.4,6.2,8.7,19455,2.6,4718.9,45.6,65,46,2,8,3,3,4,4,6,1,9,7,10,0,10,0,0,0,10,0,10,0,0,0,10,0,0,0,10,0,10,0,10,0,10,0,10,0,10,0,10,0,8,7,10,0,10,5,10,0,0,0,7,5,1,0,4,3,6,3,10,0,10,0,10,0,8,3,7,0,10,0,10,0,10,0,10,0,10,0,10,0,10,0,9,3,7,72,53,6,4,18,3,8,6,5,8,8,0,16,7,9,0,25,0,4,0,4.3
"105","Paraguay",30,0,24,0,96.3,0.3,83.3,1.4,62.6,4.2,30.4,4.1,76.8,-1.5,76.2,-5.2,75,0,60,0,4.4,10,10,13.1,23.6,6.9,58.3,4.4,7,8449,5,236.3,21.4,96,72,2,4,1,6,3,9,3,10,0,10,0,0,0,5,0,9,5,1,5,9,9,0,3,8,9,10,0,10,0,5,0,5,0,5,0,8,3,7,8,10,0,5,0,10,0,0,0,10,0,0,0,4,7,4,0,10,0,10,0,10,0,8,4,0,0,10,0,10,0,10,0,10,0,10,0,10,0,10,0,7,5,6,97,80,7,4,14,9,8,9,4,7,8,0,16,6,10,0,10,0,7,0,32,0,8,4.5
"106","Peru",40,0,38,0,78.5,-0.1,86.1,-2.4,67.8,0.1,62.9,-0.5,83.7,-0.2,87,0,70,0,60,0,1.5,30,30,18.6,21.5,31.4,371.3,2.4,5.8,11817,3.2,7606.6,20.7,58,47,2,4,3,6,4,7,6,9,7,7,10,0,10,0,0,0,7,5,9,9,0,3,10,0,0,2,9,5,10,0,10,0,5,0,5,0,5,0,8,3,8,2,10,0,10,0,6,9,1,0,10,0,0,0,5,3,5,3,10,0,10,0,10,0,8,2,10,0,10,0,5,0,7,5,10,0,10,0,10,0,10,0,9,4,7,72,51,6,8,17,0,9,7,1,7,6,0,25,1,8,0,30,0,3,0,4.2
"107","Philippines",30,0,38,2,79,-0.1,89.6,0.3,63,7.7,57.1,-1.1,77.7,-1.1,76.4,1,60,0,60,0,4.3,32,30,13.3,18.6,99.4,692.2,6.1,6.3,6962,4.2,6200.5,37.2,92,73,2,7,3,1,3,4,5,6,11,0,5,0,8,2,5,3,2,5,8,7,4,0,8,6,7,0,6,6,10,0,10,0,5,0,5,0,5,0,8,3,6,8,10,0,10,0,7,1,3,0,10,0,0,0,5,3,5,0,10,0,10,0,10,0,8,2,10,0,0,0,0,0,0,0,10,0,10,0,10,0,5,0,6,3,6,50,100,7,9,13,1,9,1,3,8,10,0,13,1,7,0,32,0,7,0,7.1
"108","Poland",65,5,61,1,75.5,-6.6,46.5,-0.6,68.7,1.4,58,-2.4,85.2,3.9,88,0,75,5,70,0,1,32,19,32.7,42.2,38,954.5,3.3,3,25105,0,13882.8,48.8,81,39,1,4,6,2,6,4,9,7,0,7,10,0,10,0,0,0,7,5,10,0,0,0,10,0,0,0,9,5,10,0,10,0,10,0,10,0,10,0,10,0,9,7,10,0,10,0,10,0,0,0,10,0,0,0,6,3,6,5,7,5,10,0,10,0,8,6,7,0,10,0,10,0,10,0,10,0,10,0,10,0,10,0,9,3,8,35,36,4,9,23,4,5,6,16,6,8,0,18,6,7,0,32,0,1,0,9.2
"109","Portugal",70,0,63,1,60.5,-0.6,24.8,-4,85.3,-2.2,43.5,0.6,85.7,2.9,88,0,70,0,60,0,1,48,23,33.4,50.1,10.4,280.4,0.9,-0.9,26975,-0.2,8807.1,130.2,28,22,1,9,6,4,7,2,9,7,0,6,10,0,10,0,0,0,10,0,10,0,0,0,10,0,0,0,10,0,10,0,10,0,10,0,10,0,10,0,10,0,9,9,10,0,10,5,10,0,0,0,10,0,0,0,8,7,8,3,10,0,10,0,10,0,9,6,7,0,10,0,10,0,10,0,10,0,10,0,10,0,10,0,9,3,9,4,14,5,4,21,6,4,7,19,9,10,0,9,7,4,0,55,0,1,0,14.2
"110","Qatar",65,-5,69,1,99.7,0,70.4,-1.5,71.4,0.9,70.7,-0.5,74.1,-5.6,81.8,0,45,0,60,10,4.1,0,0,5.2,31.4,2.2,320.5,6.1,9.7,143427,3,1040.4,31.5,51,103,3,6,5,9,8,0,4,10,0,10,0,0,0,10,0,10,0,0,0,10,0,0,0,10,0,10,0,7,5,0,0,0,0,0,0,5,8,8,6,5,0,5,0,0,0,0,0,10,0,0,0,3,0,3,3,7,5,7,5,7,5,7,0,11.2231713036192,0,0,0,0,0,0,0,0,0,0,0,0,0,0,0,0,5,53,134,0,0,47,3,9,6,1,9,-7.12095004004765,-8.53939672765398,10,0,0,0,10,0,0,0,10,0,6,5,0.3
"111","Romania",35,-5,43,0,87.5,0.6,65.6,3.3,66.1,-3.7,65.1,-3.5,81.1,3.8,88,0,75,-5,50,0,1,16,16,27.2,33.8,19.9,392.8,2.9,1.4,19712,1.1,3234,40.4,17,24,1,5,5,7,6,3,9,5,1,2,10,0,10,0,0,0,10,0,10,0,0,0,10,0,0,0,10,0,10,0,10,0,10,0,10,0,10,0,10,0,9,8,10,0,10,0,10,0,0,0,10,0,0,0,7,0,6,0,10,0,10,0,10,0,9,0,7,0,10,0,10,0,10,0,10,0,10,0,10,0,10,0,9,3,8,65,31,6,3,18,6,7,0,11,4,7,0,20,8,10,0,16,0,4,0,7
"112","Russia",20,0,27,-1,82.2,-3.9,56.2,-1.6,72.2,-4.1,57.6,-1.3,62.9,-1,72.4,-2.6,25,0,30,0,6.3,13,20,34.8,38.2,143.7,3564.5,0.6,2.8,24805,7.8,20957.7,17.9,27,119,3,3,3,3,4,0,5,7,10,8,0,0,9,8,0,5,5,0,9,9,0,4,9,9,0,4,6,9,10,0,10,0,10,0,10,0,10,0,10,0,7,5,0,0,0,0,10,0,0,0,9,9,2,0,1,7,1,5,5,0,7,5,7,5,6,1,7,0,10,0,10,0,10,0,10,0,10,0,10,0,10,0,9,3,5,71,130,4,1,26,0,5,2,18,0,10,0,9,7,10,0,13,0,5,0,5.1
"113","Rwanda",30,0,49,-4,80.1,-0.1,77.1,-2.1,60.5,1,82,-2.5,79.4,3.4,67.6,-13.2,65,0,40,0,8.7,30,30,13.9,27.6,11.1,18.8,7,6.8,1698,1.8,267.7,28,97,71,2,5,3,9,0,2,5,10,0,6,4,10,8,5,0,10,0,0,0,10,0,0,0,8,3,10,0,10,0,5,0,5,0,5,0,8,3,8,5,10,0,5,0,5,0,0,0,10,0,0,0,2,3,1,5,7,5,5,0,7,5,6,3,33.0050306484888,5,0,10,0,7,5,10,0,10,0,10,0,10,0,9,2,6,47,101,6,9,16,5,9,5,2,5,0,0,66,9,8,0,30,0,5,0,37,0,6,5,0.6
"114","Saudi Arabia",40,0,49,3,99.7,0,56.8,-5.1,69.9,4.1,68.5,-4.2,69.2,0.8,77.8,1.4,40,0,50,0,3.6,2.5,2.5,4.3,38,30.8,1605.7,3.6,5.3,52183,2.7,8012,1.6,48,146,4,5,9,9,4,1,5,10,0,10,0,0,0,2,5,8,3,5,0,8,8,6,1,7,9,10,0,5,0,0,0,0,0,0,0,5,0,7,4,0,0,0,0,0,0,0,0,8,1,6,0,0,3,2,0,7,5,7,5,5,0,5,8,14.7622952001154,0,0,0,0,0,0,0,0,0,0,0,0,0,0,0,0,4,44,155,0,7,37,6,22.9412734199387,17.8140309908392,6.16549678541653,-13.3693398682235,10,0,0,0,10,0,20,0,10,0,5,4,7,0,5.6
"115","Senegal",40,0,43,2,71.6,0.3,76.1,1.5,49.1,-5.5,42.4,2.9,84.9,1.9,73.8,-0.2,60,0,40,0,8.1,40,30,18.4,28.2,14.5,33.6,4.5,3.4,2311,-0.5,342.7,50.7,50,105,3,6,4,3,4,7,7,0,7,4,10,0,10,0,0,0,5,0,10,0,0,0,10,0,0,0,9,0,7,4,10,0,5,0,5,0,5,0,7,5,7,8,10,0,5,0,10,0,0,0,10,0,0,0,4,0,6,3,10,0,7,5,10,0,8,3,-37.1836085616441,0,0,5,0,2,5,0,0,0,0,0,0,5,0,2,5,6,77,91,6,6,17,6,9,7,1,5,6,0,27,0,5,0,40,0,5,0,40,10
"116","Serbia",50,5,41,-1,84.3,1.9,44.1,17,60.2,2.4,66.2,-4.2,77.5,5.3,77.8,-0.4,70,-5,50,0,6.1,15,15,33.4,43.2,7.2,95.5,-1.8,0.3,13329,2.1,1996.1,72.4,35,51,2,9,3,6,4,4,9,4,1,4,10,0,10,0,0,0,7,5,10,0,0,0,10,0,0,0,9,5,10,0,10,0,5,0,10,0,7,5,9,2,9,4,10,0,10,0,10,0,0,0,10,0,0,0,5,0,4,8,10,0,10,0,10,0,8,5,7,0,10,0,10,0,10,0,10,0,10,0,10,0,10,0,9,3,7,85,48,6,4,18,1,3,7,23,7,8,0,18,4,10,0,15,0,5,0,22.2
"117","Seychelles",50,0,55,1,79.3,-0.5,62,2.6,66,-1.7,62.1,-1.8,79.7,3.7,83.4,39.4,55,5,30,0,3.3,15,33,27.5,35.6,0.1,2.4,2.9,5.9,25607,1.4,228.7,64.6,30,54,2,5,4,4,9,12,7,10,0,10,0,0,0,16.4668044356269,10,0,0,0,10,0,0,0,10,0,60.8204113945306,22.9220331058095,2.19073478876908,29.5812985491017,-23.8203197922575,28.1351694022663,7,5,10,0,5,0,16.3848791094859,7,5,7.83787300247882,20.0016764725147,-35.1551626730277,9,9,6,17.6659620040959,37.2253006069072,3.88946259194606,-22.8462311308123,10,0,10,0,10,0,25.8320588843673,10,0,7,37,69,0,0,41,1,7,3,10,4,8,0,20,0,10,0,15,0,10,0,19,0,10,0,6,3,5,0,4,5,5,7,8,2,-76.8165876083163,4,1,7,1,5,9,5,6,1,0,5,56.9885912162028
"118","Sierra Leone",10,0,31,1,81.2,0.4,92.6,5.1,49.9,-3.5,43.2,1.6,70.8,2.3,69.4,-0.8,55,0,20,0,10.3,30,30,8.8,15.7,6.2,12.6,6,10.5,2027,8.3,439.9,38.8,40,112,3,1,3,8,3,9,9,3,1,7,10,0,10,0,0,0,7,5,10,0,0,1,10,0,0,0,9,5,1,2,10,0,5,0,5,0,5,0,5,4,8,1,10,0,10,0,0,4,0,5,0,-11.3293630881816,40.6150024328146,-6.70741789106581,7,3,-1.07348795671139,10,0,10,0,10,0,0,0,10,0,5,0,10,0,8,3,7,4,77,8,6,10,9,10,0,0,3,4,0,35,2,7,0,35,0,4,0,44,0,5,5,7,0,3,2,3,3,4,3.3
"119","Singapore",90,0,84,-2,91.2,0,90.1,-3.7,95,-1.9,90.7,-6.2,81.8,-1.9,90,0,85,0,80,0,0,20,17,13.8,18.2,5.5,452.7,2.9,6.4,82762,1,67523,98.8,16,25,1,1,8,0,7,7,9,9,0,3,10,0,10,0,0,0,10,0,10,0,0,0,10,0,0,0,10,0,10,0,10,0,5,0,5,0,5,0,8,3,9,4,10,0,5,5,10,0,0,0,6,4,2,0,2,0,4,5,7,5,7,5,5,0,6,1,7,0,10,0,10,0,10,0,0,0,10,0,5,0,10,0,8,0,7,48,62,4,8,23,6,8,9,4,7,8,0,19,7,10,0,20,0,10,0,3
"120","Slovenia",60,0,58,1,58.6,0.5,0,0,82,0.8,55.4,-1.7,84.3,3,88,0,70,0,50,0,1,50,17,36.8,59.9,2.1,61.1,2.6,0.2,29658,0.2,1564.3,82.9,94,35,1,9,5,8,6,5,9,8,0,5,10,0,10,0,0,0,7,5,10,0,0,0,10,0,0,0,9,5,10,0,10,0,10,0,10,0,10,0,10,0,9,8,10,0,10,0,10,0,0,0,10,0,0,0,8,0,8,0,10,0,10,0,10,0,9,4,7,0,10,0,10,0,10,0,10,0,10,0,10,0,10,0,9,3,8,82,23,4,1,26,0,5,0,18,9,8,0,18,1,4,0,50,0,0,0,9.5
"121","South Africa",50,0,44,2,70.1,0.6,69.9,1.7,69.7,-3.3,58.7,-2.9,74.6,-0.3,77,0.4,45,-5,60,0,4,40,28,24.7,31.7,54,704.5,1.5,2.4,13046,6.1,5712.3,45.9,17,63,2,1,5,2,5,7,0,0,34,0,10,0,10,0,0,0,5,0,9,9,0,4,10,0,0,2,9,0,10,0,7,5,10,0,10,0,10,0,9,2,6,0,10,0,10,0,10,0,0,0,10,0,0,0,7,3,5,0,10,0,10,0,10,0,8,9,7,0,10,0,10,0,10,0,10,0,10,0,10,0,10,0,9,3,7,70,55,4,2,25,8,8,0,7,9,8,0,18,1,4,0,41,0,4,0,25.1
"122","Spain",70,0,60,1,58.3,5.2,41.1,1.3,76,-1.5,51.7,-0.9,84.7,3.4,88,0,85,0,70,0,1,47,30,32.6,44.3,46.5,1566.4,1.4,-0.5,33711,-0.2,22904.1,97.7,16,25,1,6,6,4,7,0,9,7,0,6,10,0,10,0,0,0,10,0,10,0,0,0,10,0,0,1,10,0,10,0,10,0,5,0,10,0,7,5,9,2,9,6,10,0,10,5,10,0,0,0,10,0,0,0,8,0,6,5,10,0,10,0,10,0,9,2,7,0,10,0,10,0,10,0,10,0,10,0,10,0,10,0,9,3,8,76,27,4,5,24,6,4,6,20,5,10,0,9,7,5,0,45,0,5,0,24.7
"123","Sri Lanka",40,5,38,1,85.1,0.1,90,1.6,70.3,-2.2,56.5,-2.2,71.5,3.3,72.4,0.8,35,5,40,0,6.3,24,28,11.6,18.3,21,217.4,7.4,7.5,10372,3.3,944.2,75.876,27,119,3,5,4,8,4,5,9,0,2,5,5,0,10,0,0,0,5,0,10,0,0,0,10,0,0,1,8,0,10,0,10,0,5,0,5,0,5,0,8,3,8,4,5,0,5,5,10,0,0,0,10,0,0,0,4,3,3,8,7,5,7,5,7,5,7,2,7,0,0,0,0,0,0,0,0,0,0,0,0,0,0,0,1,8,6,4,121,8,5,11,3,9,1,3,8,7,0,23,2,9,0,24,0,8,0,4.6
"124","Sudan",47.1727960150688,-16.4433096226168,11,0,86.4,0,94.8,0.3,48.8,-0.2,43.5,-0.3,46.7,-6.1,50.6,-5,10,-5,32.2824827833689,3.58826433892735,14.7,10,35,6.1,13.1,37.3,159.1,3.4,1.1,4267,36.9,1277.4,74.2,80,157,4,3,2,7,9,5,2,5,0,0,0,33,2,2,5,8,5,4,6,8,9,5,4,5,0,1,2,10,0,0,0,0,0,0,0,3,7,5,5,10,0,5,0,0,0,0,0,10,0,0,0,1,3,1,0,10,0,0,0,7,5,5,7,-1.60663196864905,0,0,0,0,0,0,0,0,0,0,0,0,0,0,0,0,4,25,157,9,8,6,6,5.71854181059316,10.6172124472465,10,0,5,2,10,0,15,0,7,0,34,0,8,5,9,4,14.8
"125","Suriname",30,-5,36,0,69.4,0.1,70.3,-3.5,48.8,6.6,76.3,-5.6,78.7,1.5,68.4,2.2,30,0,30,0,10.8,38,36,17.9,31.5,0.6,9.2,2.9,4.3,16623,3.4,4.2,34.1,7,67,2,0,5,2,4,9,6,7,8,3,10,0,10,0,0,0,-48.0291538575455,10,0,0,0,10,0,0,0,10,0,-11.6833499756494,-41.9753267000015,5,0,5,0,5,0,5,0,7,2,10,0,10,0,-15.3121407261317,10,6,8,68.9207256080131,-16.8329442325544,9.86740671598177,8,5,128.942780039971,10,0,10,0,10,0,10,0,10,0,10,0,104.183807555501,10,0,7,79,50,4,9,23,5,8,6,5,7,10,0,4,1,5,0,38,0,5,0,40,0,5,0,7,1,4,2,5,3,5,6,5,0,5,0,5.6
"126","Swaziland",40,0,43,4,70.9,-5.5,64.9,-3.7,58.6,-1.9,65.8,-3.5,74.5,0.6,88.8,12.8,50,-5,40,0,0.6,33,27.5,32.6,34.2,1.1,8.6,1.7,1.5,7797,5.8,12.7,16.2,24,122,3,4,7,3,1,17,3,10,0,10,0,0,0,7,5,10,0,0,0,10,0,0,0,9,5,10,0,10,0,0,0,5,0,2,5,7,5,6,7,10,0,5,0,5,0,3,2,5,17.2133273733648,14.1840116713223,9.27500827633423,6,0,7,0,5,0,0,0,2,5,0,0,10,0,5,0,5,0,4,9,6,2,122,5,0,23,0,9,9,1,0,0,0,51,2,7,0,33,0,7,0,33,0,7,0,5,5,4,3,3,8,4,7,5,22.3
"127","Sweden",90,0,87,-2,44.4,1.4,14.9,-4.3,89.7,1.8,53.5,-0.5,87.1,1.6,88,0,85,-5,80,0,1,57,22,42.8,53.2,9.7,448.2,2.1,2.4,45986,-0.2,10036.2,41.5,39,17,1,1,8,0,8,5,9,6,1,1,10,0,10,0,0,0,10,0,10,0,0,0,10,0,0,1,10,0,10,0,10,0,10,0,10,0,10,0,10,0,9,9,10,0,10,0,10,0,0,0,10,0,0,0,9,3,8,8,10,0,10,0,10,0,9,7,10,0,10,0,10,0,10,0,10,0,10,0,10,0,5,0,8,8,9,33,3,0,8,37,1,4,6,20,2,8,0,18,2,2,0,57,0,0,0,8
"128","Switzerland",90,0,86,1,70.9,0.6,66.3,1.2,82.2,4.1,72.1,-3.2,87.8,1.5,90,0,85,0,80,0,0,40,24,27.1,33.5,8.1,472.8,2,2,58087,0,21914.3,46.1,79,2,1,8,2,9,8,0,5,10,0,10,0,0,0,10,0,10,0,0,0,10,0,0,0,10,0,10,0,10,0,10,0,5,0,7,5,9,2,9,7,10,0,10,0,10,0,0,0,10,0,0,0,8,7,9,0,10,0,10,0,10,0,9,7,7,0,10,0,10,0,10,0,10,0,10,0,10,0,10,0,9,3,9,19,10,6,4,18,2,6,3,14,1,10,0,13,0,8,0,26,6,0,35,7,0,7,4.5
"129","Syria",10,0,20,3,442.939434316999,-19.1199114737598,948.387787757059,-486.055168843388,62.4,5.1,46.9,-2.2,42.7,-77.7824097332353,56.6,-1388.39909967329,0,0,20,0,14.2,22,28,-1073.88221808,-704.667473287692,18.1,73,0.4,-59.6398932627086,4020,29.2,-1390704.80313927,2489.24051529431,77,162,4,2,0,9,1,2,2,0,0,0,0,2181,8,0,0,0,0,149,5,0,0,159,3,0,0,10,0,7,5,0,0,0,0,0,0,5,8,5,0,0,0,0,0,0,0,3,0,5,174.184521867602,-210.865964855084,103.373823339863,1,8,-51.2678768409776,0,0,0,0,0,0,0,0,0,0,0,0,0,0,0,0,2,51,161,6,8,16,8,9,0,4,3,2,0,47,9,9,0,22,0,5,0,38,0,7,0,6,2,3,1,3,2,5,9,3,3,245.19729896313
"130","Tajikistan",20,0,23,1,91.6,-0.5,76.9,-5,61.1,-4.3,47.3,0.9,69.8,0.2,68.6,-6,25,0,30,0,5.7,13,15,21,27.7,8.3,22.3,6.7,7.1,2688,6.1,262.7,28.2,19,124,4,3,3,9,4,1,6,5,0,10,0,0,0,2,5,10,0,0,1,10,0,0,0,7,5,10,0,10,0,5,0,5,0,5,0,8,3,8,4,5,0,10,0,10,0,0,0,10,0,0,0,0,7,1,8,2,5,2,5,2,5,4,3,31.5617197568111,10,0,10,0,10,0,10,0,10,0,10,0,5,0,8,3,5,65,132,8,5,11,0,9,1,3,9,0,0,61,0,10,0,13,0,7,0,31,0,8,5,10.9
"131","Tanzania",25,-5,31,-2,79.2,-0.7,88.4,9.1,47.5,2.5,62.6,1.2,67.7,-2,73.2,6.2,60,0,50,0,8.4,30,30,16.8,19.7,47.7,127.1,7.2,6.8,2667,6.1,2141.6,33.2,52,102,3,0,3,9,4,2,7,2,7,0,10,0,10,0,0,0,7,5,10,0,0,1,10,0,0,0,9,5,8,5,7,5,0,0,0,0,0,0,5,3,7,3,10,0,10,0,10,0,0,0,10,0,0,0,3,0,4,5,10,0,10,0,5,0,7,5,0,0,5,0,5,0,5,0,0,0,10,0,5,0,10,0,5,0,6,13,116,6,4,18,4,9,9,0,9,7,0,22,6,8,0,30,0,4,0,3.1
"132","Thailand",40,0,38,3,81.1,-0.4,82.2,0.8,76.3,3.8,62.5,-1,70.9,1,77.6,2.2,50,5,60,0,6.2,35,20,16.2,24.3,68.7,985.5,0.7,3.6,14354,1.9,12565.7,47.2,62,98,3,3,4,0,4,3,8,7,3,2,10,0,9,8,0,7,5,0,10,0,0,0,10,0,0,0,9,0,10,0,10,0,5,0,5,0,5,0,8,3,8,7,10,0,5,5,10,0,0,0,9,9,1,0,1,0,1,8,10,0,10,0,7,5,7,2,0,0,10,0,5,0,7,5,10,0,10,0,10,0,0,0,4,4,6,40,106,4,3,25,2,9,2,3,3,6,0,26,8,7,0,35,0,7,0,0.9
"133","Timor-Leste",20,0,28,-2,64.7,0,0,0,68,8.2,66,-6,70.9,2.2,80,0.4,40,0,20,0,2.5,10,10,318.1,110.5,1.2,6.1,6.6,8.8,4928,2.5,33.9,0,37,114,3,3,3,8,4,3,9,10,0,10,0,0,0,7,5,0,0,94,6,0,0,303,5,5,5,10,0,7,5,5,0,5,0,5,0,7,5,7,1,5,0,10,0,0,0,3,7,3,-49.927273082388,61.3469280936418,-18.1617785876358,8,4,4.0868512482829,5,0,5,0,5,0,10,0,10,0,10,0,5,0,6,7,6,19,113,0,0,47,7,7,5,9,8,7,0,20,7,10,0,10,0,10,0,10,0,10,0,6,1,3,9,3,2,3,0,5,7,4.7
"134","Togo",30,0,29,0,68.7,-1,80.4,2.3,51.4,-0.5,46.2,2.8,79.5,-0.9,71.2,3.4,50,0,30,0,9.4,45,27,19.5,25.5,7,10.1,5.2,5.1,1450,0.1,292.1,54.7,27,119,3,4,1,6,4,9,0,10,0,10,0,0,0,7,5,10,0,0,0,10,0,0,0,9,5,9,6,10,0,5,0,5,0,5,0,8,2,8,0,0,0,10,0,10,0,0,0,10,0,0,0,4,0,5,3,10,0,10,0,10,0,8,5,9.95428138535495,5,0,5,0,5,0,0,0,10,0,5,0,5,0,5,0,6,73,92,7,4,14,7,8,4,6,2,4,0,36,6,7,0,35,0,15.4798671395429,30.0278214443978,7,0,6,7,6.9
"135","Trinidad and Tobago",50,0,38,0,79.4,0.4,62.3,-7,69.5,4.2,72.8,-3.8,68.5,-5.8,78.6,0,60,0,50,0,5.7,25,25,28.4,35.5,1.4,43.4,1.1,0.8,32139,7,2423,37.6,83,81,2,9,3,9,4,7,0,0,30,9,10,0,10,0,0,0,7,5,10,0,0,0,10,0,0,0,9,5,10,0,10,0,5,0,5,0,5,0,8,3,5,9,10,0,10,0,0,7,7,7,3,-5.63783087953996,43.7482793095446,2.07625315482618,8,7,-30.1886802296085,10,0,10,0,10,0,0,0,0,0,0,0,10,0,6,7,6,92,82,7,0,16,3,8,4,6,3,0,0,59,9,9,0,25,0,5,0,40,0,7,0,5,6,5,8,3,2,5,4
"136","Tunisia",40,0,40,-1,74,-0.3,73.4,2.6,81.3,0.1,64,-5.1,75.6,0.8,62.2,1,35,0,30,0,13.9,35,30,21.7,29.8,11,124.3,2.3,1.8,11300,4.9,1060.3,47.5,43,109,3,9,4,3,4,8,8,8,3,0,10,0,7,9,6,3,5,0,7,9,6,2,9,5,2,3,8,1,10,0,7,5,0,0,0,0,0,0,5,8,7,6,10,0,10,0,10,0,0,0,9,1,1,0,4,0,5,5,10,0,7,5,10,0,8,0,-11.7460649343514,5,0,0,0,2,5,0,0,0,0,0,0,10,0,4,2,6,58,98,5,3,21,9,6,4,13,7,7,0,23,1,7,0,35,0,2,0,52,13.3
"137","Turkey",40,-5,45,-5,75.2,-0.9,55.6,-2,65.4,4.4,48.6,-1.6,71.5,-0.9,84.4,-0.2,75,0,60,0,2.8,35,20,29.3,38.5,76.9,1508.1,2.9,5.4,19610,8.9,12146,33.5,47,107,3,4,4,0,4,0,8,3,4,3,10,0,0,0,33,7,2,5,5,8,12,6,3,0,34,9,4,3,10,0,10,0,10,0,10,0,10,0,10,0,7,5,10,0,10,5,7,5,2,0,0,0,81,0,1,0,1,8,5,0,7,5,5,0,4,0,7,0,10,0,10,0,10,0,10,0,10,0,10,0,10,0,9,3,6,9,118,5,9,19,9,6,4,13,8,7,0,21,7,7,0,35,0,7,0,9.2
"138","Uganda",25,0,26,0,73.2,-0.1,91.5,2.5,40.3,-3,83.7,-3.8,80.1,3.8,72.8,-3.8,60,0,40,0,8.6,40,30,13.4,16.8,38,76.9,4.9,5.2,2023,4.7,1146.6,30.4,77,85,3,5,3,4,3,4,5,4,11,5,5,0,8,9,3,2,7,5,9,4,1,8,9,9,0,5,8,1,9,9,7,5,5,0,5,0,5,0,7,5,7,0,10,0,10,0,10,0,0,0,10,0,0,0,4,0,3,8,10,0,10,0,7,5,7,9,0,0,5,0,5,0,5,0,0,0,0,0,0,0,10,0,3,8,6,13,115,9,2,8,9,10,0,0,4,10,0,13,3,5,0,40,0,3,0,3.8
"139","Ukraine",25,5,26,1,78.6,-0.1,30.6,2.6,56.8,-2.5,47.9,-0.3,66.9,-11.7,85.8,0,20,5,30,0,2.1,20,18,37.6,48.1,42.8,370.8,-6.8,-0.2,8668,12.1,410,71.2,28,118,3,1,3,7,4,5,7,5,6,3,0,0,8,1,5,7,0,0,9,6,1,1,9,8,0,9,5,5,10,0,7,5,10,0,10,0,10,0,9,2,7,4,5,0,10,5,7,8,1,0,10,0,0,0,5,7,3,8,7,5,7,5,7,5,7,1,7,0,10,0,10,0,10,0,10,0,10,0,10,0,10,0,9,3,6,59,97,5,0,23,1,4,9,19,3,10,0,9,2,10,0,20,0,7,0,7.7
"140","United Arab Emirates",55,0,70,1,95,-4.5,76.1,-9.7,79.6,4.9,80.7,-3.1,81.3,-2.5,82.8,0.4,45,5,60,10,3.6,0,0,22.4,28.2,9.3,599.8,3.6,4,64479,2.3,10065.8,12.1,29,117,3,8,6,9,6,4,9,6,0,9,5,0,10,0,0,0,7,5,10,0,0,0,10,0,0,0,8,5,10,0,7,5,0,0,0,0,0,0,5,8,8,0,10,0,0,5,10,0,0,0,10,0,0,0,1,7,2,5,7,5,7,5,5,0,6,3,-2.24084052620672,0,0,0,0,0,0,0,0,0,0,0,0,0,0,0,0,5,7,149,6,1,19,4,8,8,4,8,2,0,48,4,10,0,0,0,10,0,16,3.6
"141","United Kingdom",90,0,78,2,64.9,2,39,8.7,86,-5.1,71.8,-3.8,76.4,2,88,0,90,0,80,0,1,45,20,32.9,45.1,64.5,2548.9,2.6,1.7,39511,1.5,72241,89.5,50,8,1,5,7,4,7,7,9,5,1,2,10,0,10,0,0,0,10,0,10,0,0,1,9,9,0,3,10,0,10,0,10,0,10,0,10,0,10,0,10,0,9,8,10,0,10,0,10,0,0,0,10,0,0,0,7,0,7,8,10,0,10,0,10,0,9,3,7,0,10,0,10,0,10,0,10,0,10,0,10,0,10,0,9,3,9,0,18,5,2,22,3,5,4,17,2,8,0,15,7,6,0,45,0,2,0,6.3
"142","United States",80,0,74,1,65.6,-0.6,54.7,2.9,84.7,-4.1,91.4,-7.1,77,0.4,87,0,70,0,70,0,1.5,39.6,35,25.4,38.9,319,17418.9,2.4,2.2,54597,1.6,92397,104.8,39,17,1,7,6,5,6,9,7,9,5,4,10,0,9,9,0,4,7,5,9,9,0,2,9,9,0,4,9,4,10,0,10,0,10,0,10,0,10,0,10,0,9,1,10,0,10,0,9,7,1,0,10,0,0,0,8,0,7,0,10,0,10,0,10,0,9,2,7,0,10,0,10,0,10,0,10,0,10,0,10,0,10,0,9,3,8,75,28,6,7,17,2,6,0,15,2,8,0,15,8,5,0,43,5,0,43,6.2
"143","Uruguay",70,0,73,0,77.2,0.1,67.6,2.5,75.3,2.7,62.5,-1.8,71.3,-0.3,80.6,-1.2,80,0,30,0,4.7,30,25,27.4,32.9,3.4,70,3.3,5.4,20556,8.9,2754.5,62.8,73,43,2,4,5,4,6,6,6,9,7,7,10,0,10,0,0,0,10,0,9,9,0,3,9,9,0,3,10,0,10,0,10,0,5,0,5,0,5,0,8,3,8,4,10,0,10,5,10,0,0,0,10,0,0,0,8,0,7,5,10,0,10,0,10,0,9,4,10,0,10,0,10,0,10,0,10,0,10,0,10,0,10,0,10,0,8,30,37,6,5,18,0,5,9,15,5,7,0,23,8,9,0,30,0,7,0,7
"144","Venezuela",5,0,19,-1,74.9,-0.1,56.7,4.7,45.3,3.7,29.5,5.3,33.8,-9,63.2,0.4,0,0,10,-10,8.4,34,34,13.9,38,30.5,538.9,-4,1.1,17695,62.2,320,45.6,20,161,4,3,1,4,2,1,0,0,56,3,10,0,10,0,0,0,5,0,9,9,0,3,9,5,2,4,8,9,10,0,10,0,10,0,10,0,10,0,10,0,6,3,10,0,5,5,10,0,0,0,9,7,1,0,1,3,2,3,5,0,2,5,5,0,5,1,0,0,10,0,10,0,10,0,10,0,10,0,10,0,10,0,7,5,5,52,135,7,0,16,3,5,8,16,0,0,0,70,4,7,0,34,0,5,0,8.6
"145","Vietnam",15,0,31,0,79.3,0.2,75.1,-2,58.3,-3.2,62.6,-0.3,70.6,3.8,83,4.4,25,10,40,10,3.5,35,22,18.9,28.8,90.6,510.7,6,5.9,5635,4.1,9200,58.7,19,124,4,4,4,9,4,9,9,4,1,5,5,0,10,0,0,0,10,0,10,0,0,0,10,0,0,0,9,0,10,0,7,5,5,0,5,0,5,0,7,5,8,6,0,0,5,5,10,0,0,0,9,2,8,0,0,0,1,8,7,5,7,5,5,0,5,8,7,0,10,0,10,0,10,0,10,0,10,0,10,0,10,0,9,3,5,97,125,9,2,8,7,4.78287136771008,-2.84951526453232,31.5594109404515,-0.394562696336905,7,0,35,0,5,0,36,0,6,0,2.3
"146","Yemen",30,0,19,1,-65.7793870299218,-16.7519930144201,-61.3082505561331,-31.165700910557,51.9,-2.1,54.4,-2.7,71,2.5,165.32747184897,129.097542072786,216.324272665818,-49.8470961054119,30,0,-42.8017725921706,20,20,-1.43179795424993,30.8,27.5,103.6,-0.2,0.4,3774,8.2,-577.6,48.9,4,25,160,284.044002232169,2,6,7,3,6,7,0,0,0,0,92,7,0,0,0,0,55,0,0,3,48,6,0,1,6,2,7,5,0,0,0,0,0,0,4,6,4,0,51.6753006429404,-89.5983961621475,0,0,0,25.7314026138231,-4.88668935594718,3,1,-67.3749443462311,0,0,0,0,0,0,0,0,0,0,0,0,0,0,0,0,2,17,162,8,5,11,1,9,0,4,1,4,0,34,4,10,0,15,0,8,0,27,0,9,0,7,6,2,5,2,8,3,3,4,2,3,3,3,8,17.4
"147","Zambia",30,0,38,0,73.3,1.4,81.1,3.1,66.4,-1.8,48.3,2.3,72.6,-0.6,78.2,1.4,50,-5,50,0,3.4,35,35,14.7,25.1,15,61,5.4,7.1,4064,7.9,2483.8,31.1,31,116,3,9,4,2,4,1,7,9,5,3,10,0,10,0,0,0,7,5,10,0,0,0,10,0,0,0,9,5,9,9,7,5,5,0,5,0,5,0,7,5,8,3,0,0,10,1,0,3,7,4,0,-27.3579010461924,50.977760311021,-23.361328766523,6,8,10,0,0,0,5,0,2,5,0,0,0,0,0,0,9.69617385447392,4,2,6,1,123,4,8,23,8,10,0,0,2,4,0,31,4,7,0,35,0,4,0,43,0,5,5,6,1,4,0,3,8,5,13.3
"148","Zimbabwe",10,0,21,0,60.8,-5.8,73.6,-0.6,37.6,0.5,30,6.3,79.1,3.7,50.2,-8.2,10,10,10,0,14.9,51.5,25,25.3,29.7,13.3,27.1,3.2,8.3,2046,-0.2,544.8,54,62,143,4,3,3,8,3,5,7,3,6,7,5,0,10,0,0,0,5,0,10,0,0,0,10,0,0,0,8,0,10,0,7,5,5,0,5,0,5,0,7,5,7,6,0,0,5,5,10,0,0,0,10,0,0,0,2,0,3,8,17.1901639082021,1.93083253717745,7,5,6,7,0,0,0,0,10,0,5,0,0,0,10,0,5,0,0.672541802714371,3,3,5,17,148,4,6,24,4,10,0,0,2,6,0,25,6,4,0,52,0,4,0,52,0,4,5.4
